,StkCd,Date-year,Date-month,Msmvosd,Msmvttl,Mretwd,Mretnd,bemeA,Beta
0,408,2007,1,225616.98,477971.18,0.184028,0.184028,1.001526,1.3127
1,408,2007,2,276562.75,585900.15,0.225806,0.225806,1.001526,1.4288
2,408,2007,3,368529.79,780732.98,0.332536,0.332536,1.001526,1.651
3,408,2007,4,553125.51,1171800.3,0.500898,0.500898,1.001526,1.7854
4,408,2007,5,650385.61,1377846.53,0.175837,0.175837,1.001526,1.9246
5,408,2007,6,477699.3,1012009.35,-0.265514,-0.265514,1.001526,1.9784
6,408,2007,7,535261.4,1133955.08,0.120499,0.120499,1.001526,1.496
7,408,2007,8,623920.28,1321779.53,0.16563699999999998,0.16563699999999998,1.001526,1.5446
8,408,2007,9,747645.72,1583892.75,0.198303,0.198303,1.001526,1.4567
9,408,2007,10,618627.21,1310566.13,-0.172566,-0.172566,1.001526,1.6316
10,408,2007,11,638110.65,1105921.58,-0.15615,-0.15615,1.001526,1.4332
11,408,2007,12,711707.7,1233474.0,0.115336,0.115336,1.001526,1.4040000000000001
12,411,2007,1,226415.86,646552.33,0.17364000000000002,0.17364000000000002,1.242497,1.3324
13,411,2007,2,270811.13,773327.3,0.196078,0.196078,1.242497,1.4443
14,411,2007,3,342247.15,977319.75,0.263785,0.263785,1.242497,1.5655
15,411,2007,4,625973.27,1787527.03,0.829009,0.829009,1.242497,2.2926
16,411,2007,5,586824.72,1675734.56,-0.06254,-0.06254,1.242497,2.1076
17,411,2007,6,320453.11,915084.76,-0.45392,-0.45392,1.242497,2.2916
18,411,2007,7,459289.22,1311544.66,0.433249,0.433249,1.242497,2.7107
19,411,2007,8,568663.02,1623872.08,0.238137,0.238137,1.242497,2.7988
20,411,2007,9,1241888.58,1786374.54,0.100071,0.100071,1.242497,2.6809
21,411,2007,10,1148146.02,1651532.07,-0.07548400000000001,-0.07548400000000001,1.242497,2.5504
22,411,2007,11,955853.6,1374932.14,-0.167481,-0.167481,1.242497,2.069
23,411,2007,12,1057608.34,1521299.6,0.106454,0.106454,1.242497,2.0128
24,558,2006,1,159593.82,370239.42,-0.07602300000000001,-0.07602300000000001,1.928944,0.82
25,558,2006,2,182825.83,424135.03,0.14557,0.14557,1.928944,0.7566
26,558,2006,3,174745.13,405388.73,-0.044199,-0.044199,1.928944,0.5521
27,558,2006,4,153864.91,297597.51,-0.119076,-0.119075,1.928944,-0.3864
28,558,2006,5,190816.72,369067.77,0.240157,0.240157,1.928944,0.5167
29,558,2006,6,190210.95,367896.13,-0.003175,-0.003175,1.928944,0.5372
30,558,2006,7,231403.13,447567.9,0.216561,0.216561,1.928944,0.0672
31,558,2006,8,252604.98,488575.44,0.091623,0.091623,1.928944,-0.0039
32,558,2006,9,279258.75,540127.76,0.105516,0.105516,1.928944,-0.0093
33,558,2006,10,255028.05,493262.01,-0.086768,-0.086768,1.928944,-0.1822
34,558,2006,11,295008.7,570590.5,0.15677,0.15677,1.928944,0.0919
35,558,2006,12,296826.0,574105.43,0.0061600000000000005,0.0061600000000000005,1.928944,0.0278
36,587,2006,1,142774.69,317566.8,-0.118557,-0.118557,1.915751,1.0031
37,587,2006,2,164483.12,365851.81,0.15204700000000002,0.15204700000000002,1.915751,0.7093
38,587,2006,3,136930.11,304566.99,-0.16751300000000002,-0.16751300000000002,1.915751,0.7262
39,587,2006,4,121066.26,269281.79,-0.115854,-0.115854,1.915751,0.5073
40,587,2006,5,161143.37,358423.35,0.331034,0.331034,1.915751,1.4698
41,587,2006,6,172832.52,384422.97,0.07253899999999999,0.07253899999999999,1.915751,1.4273
42,587,2006,7,169492.76,376994.5,-0.019324,-0.019324,1.915751,1.2385
43,587,2006,8,188696.38,419708.17,0.1133,0.1133,1.915751,1.0915
44,587,2006,9,213744.57,475421.64,0.132743,0.132743,1.915751,1.0872
45,587,2006,10,217084.33,482850.1,0.015625,0.015625,1.915751,0.8853
46,587,2006,11,184521.68,410422.59,-0.15,-0.15,1.915751,0.6049
47,587,2006,12,212074.69,471707.41,0.149321,0.149321,1.915751,0.6791
48,615,2008,1,1274594.75,1881811.34,-0.11011,-0.11011,1.708881,1.8256
49,615,2008,2,1502600.9,2116773.16,0.124859,0.124859,1.708881,1.8431
50,615,2008,3,1202080.72,1693418.53,-0.2,-0.2,1.708881,1.6518
51,615,2008,4,943633.37,1329333.54,-0.215,-0.215,1.708881,1.3877
52,615,2008,5,842959.1,1187509.74,-0.106688,-0.106688,1.708881,1.5619999999999998
53,615,2008,6,584511.75,823424.76,-0.306595,-0.306595,1.708881,1.3861
54,615,2008,7,641610.58,903862.14,0.097686,0.097686,1.708881,1.3289
55,615,2008,8,536428.52,755688.02,-0.163934,-0.163934,1.708881,1.3277
56,615,2008,9,500366.1,704885.46,-0.067227,-0.067227,1.708881,1.2968
57,615,2008,10,402697.04,567295.21,-0.195195,-0.195195,1.708881,1.2428
58,615,2008,11,458293.27,645615.81,0.13806,0.13806,1.708881,1.1733
59,615,2008,12,465806.28,656199.68,0.016393,0.016393,1.708881,0.9545
60,622,2005,7,69234.51,148829.1,-0.086957,-0.086957,2.914688,1.433
61,622,2005,8,85718.91,184264.6,0.238095,0.238095,2.914688,1.8302
62,622,2005,9,93631.43,201273.64,0.092308,0.092308,2.914688,1.9797
63,622,2005,10,81762.66,175760.08,-0.12676099999999998,-0.12676099999999998,2.914688,1.985
64,622,2005,12,78465.77,168672.98,-0.040323000000000005,-0.040323000000000005,2.914688,1.8505
65,650,2005,7,78191.57,238121.86,-0.070313,-0.070313,2.42788,1.5924
66,650,2005,8,99874.94,304155.65,0.27731100000000003,0.27731100000000003,2.42788,2.0595
67,650,2005,9,111702.24,340174.08,0.118421,0.118421,2.42788,2.2924
68,650,2005,10,93961.3,286146.43,-0.158824,-0.158824,2.42788,2.2768
69,650,2005,11,91333.01,278142.34,-0.027972000000000004,-0.027972000000000004,2.42788,2.2709
70,650,2005,12,90018.86,274140.29,-0.014388,-0.014388,2.42788,2.1796
71,691,2005,7,156216.0,309816.0,-0.097744,-0.097744,2.535244,1.2525
72,691,2005,8,217400.6,431160.6,0.391667,0.391667,2.535244,1.8558
73,691,2005,9,253851.0,503451.0,0.167665,0.167665,2.535244,2.0674
74,691,2005,10,222607.8,441487.8,-0.123077,-0.123077,2.535244,1.9599
75,691,2005,11,182252.0,361452.0,-0.181287,-0.181287,2.535244,1.9266
76,691,2005,12,180950.2,358870.2,-0.007143000000000002,-0.007143000000000002,2.535244,1.8135
77,705,2007,1,458736.29,592807.87,0.167901,0.167901,1.049354,0.6863
78,705,2007,2,535353.98,691818.07,0.167019,0.167019,1.049354,0.7659
79,705,2007,3,640097.15,827173.78,0.195652,0.195652,1.049354,0.8713
80,705,2007,4,882558.19,1140497.18,0.378788,0.378788,1.049354,1.111
81,705,2007,5,886437.56,1145510.35,0.004396,0.004396,1.049354,1.0629
82,705,2007,6,638157.46,824667.19,-0.27642,-0.27571100000000004,1.049354,1.3357
83,705,2007,7,744464.03,939970.2,0.139818,0.139818,1.049354,1.2788
84,705,2007,8,841740.66,1062792.97,0.130667,0.130667,1.049354,1.4424
85,705,2007,9,890378.97,1124204.36,0.057783,0.057783,1.049354,1.4316
86,705,2007,10,712700.23,899864.8,-0.199554,-0.199554,1.049354,1.5213
87,705,2007,11,764316.4,965036.07,0.072423,0.072423,1.049354,0.9763
88,705,2007,12,861593.03,1087858.84,0.127273,0.127273,1.049354,0.9846
89,719,2005,7,113093.76,297564.08,-0.118774,-0.118774,2.391398,0.9989
90,719,2005,8,140629.63,370014.47,0.24347800000000006,0.24347800000000006,2.391398,1.3704
91,719,2005,9,134729.09,354489.39,-0.041958,-0.041958,2.391398,1.4856
92,719,2005,10,133253.95,350608.11,-0.010949,-0.010949,2.391398,1.383
93,719,2005,11,104734.66,275570.22,-0.214022,-0.214022,2.391398,1.3051
94,719,2005,12,111126.91,292389.05,0.061033,0.061033,2.391398,1.4489
95,810,2008,1,803003.25,1588405.05,0.090828,0.090828,1.602464,1.0181
96,810,2008,2,801036.71,1584515.07,-0.002449,-0.002449,1.602464,0.9890000000000001
97,810,2008,3,599794.27,1186441.32,-0.251227,-0.251227,1.602464,1.0086
98,810,2008,4,485735.03,960822.97,-0.190164,-0.190164,1.602464,1.071
99,810,2008,5,452959.39,895990.11,-0.067476,-0.067476,1.602464,1.0826
100,810,2008,6,342177.71,676855.05,-0.244573,-0.244573,1.602464,0.9732
101,810,2008,7,380197.46,752061.16,0.111111,0.111111,1.602464,0.7518
102,810,2008,8,318579.25,630175.39,-0.16206900000000002,-0.16206900000000002,1.602464,0.7368
103,810,2008,9,315957.2,624988.76,-0.00823,-0.00823,1.602464,0.7934
104,810,2008,10,246472.84,487543.1,-0.219917,-0.219917,1.602464,0.8165
105,810,2008,11,256961.04,508289.61,0.042553,0.042553,1.602464,0.7581
106,810,2008,12,332050.32,562749.22,0.107143,0.107143,1.602464,0.8052
107,810,2009,1,362654.03,614615.5,0.092166,0.092166,1.079078,0.8325
108,810,2009,2,409324.7,693711.59,0.128692,0.128692,1.079078,0.8872
109,810,2009,3,474357.6,803927.45,0.158879,0.158879,1.079078,0.8377
110,810,2009,4,550866.89,933593.17,0.16129000000000002,0.16129000000000002,1.079078,0.8666
111,810,2009,5,537860.31,911550.0,-0.023611,-0.023611,1.079078,0.8347
112,810,2009,6,569994.21,966009.6,0.05974400000000001,0.05974400000000001,1.079078,0.7543
113,810,2009,7,719187.33,1218857.75,0.261745,0.261745,1.079078,0.8181
114,810,2009,8,606718.67,1028249.14,-0.156383,-0.156383,1.079078,0.8342
115,810,2009,9,625080.9,1059368.92,0.030265,0.030265,1.079078,0.8551
116,810,2009,10,732193.91,1240900.92,0.17135899999999998,0.17135899999999998,1.079078,0.8244
117,810,2009,11,792636.24,1343336.84,0.08255,0.08255,1.079078,0.9124
118,810,2009,12,1392609.81,1392609.81,0.03668,0.03668,1.079078,0.9433
119,863,2006,1,63960.0,222417.23,-0.078652,-0.078652,2.448473,1.8776
120,863,2006,2,71760.0,249541.28,0.121951,0.121951,2.448473,2.0824
121,863,2006,3,65130.0,226485.84,-0.092391,-0.092391,2.448473,2.2088
122,863,2006,4,56940.0,198005.58,-0.125749,-0.125749,2.448473,1.4111
123,863,2006,5,75660.0,263103.31,0.32876700000000003,0.32876700000000003,2.448473,1.5774
124,863,2006,6,73710.0,256322.3,-0.025773,-0.025773,2.448473,1.5412
125,863,2006,7,76830.0,267171.92,0.042328,0.042328,2.448473,1.0839
126,863,2006,8,74880.0,260390.9,-0.025381,-0.025381,2.448473,0.8428
127,863,2006,9,101790.0,353968.88,0.359375,0.359375,2.448473,0.9484
128,863,2006,10,89700.0,311926.6,-0.118774,-0.118774,2.448473,0.8783
129,863,2006,11,81510.0,283446.35,-0.091304,-0.091304,2.448473,0.6029
130,863,2006,12,101790.0,353968.88,0.248804,0.248804,2.448473,0.7968
131,979,2006,1,108000.0,253800.0,-0.068966,-0.068966,2.480418,1.316
132,979,2006,2,114000.0,267900.0,0.055556,0.055556,2.480418,1.2838
133,979,2006,3,107600.0,252860.0,-0.05614,-0.05614,2.480418,1.1375
134,979,2006,4,84000.0,197400.0,-0.219331,-0.219331,2.480418,0.3258
135,979,2006,5,111600.0,262260.0,0.328571,0.328571,2.480418,1.2476
136,979,2006,6,124800.0,293280.0,0.11828,0.11828,2.480418,1.2392
137,979,2006,7,151600.0,356260.0,0.214744,0.214744,2.480418,0.5689
138,979,2006,8,147676.0,261640.0,-0.025727,-0.025726,2.480418,0.3653
139,979,2006,9,174971.56,310000.0,0.184834,0.184834,2.480418,0.4004
140,979,2006,10,160273.95,283960.0,-0.084,-0.084,2.480418,0.2335
141,979,2006,11,141377.02,250480.0,-0.117904,-0.117904,2.480418,0.209
142,979,2006,12,202967.01,359600.0,0.435644,0.435644,2.480418,0.6589
143,979,2007,1,193868.49,343480.0,-0.044828,-0.044828,1.3992209999999998,0.3907
144,979,2007,2,252658.94,447640.0,0.303249,0.303249,1.3992209999999998,0.627
145,979,2007,3,299551.32,530720.0,0.185596,0.185596,1.3992209999999998,0.6164
146,979,2007,4,409433.46,725400.0,0.366822,0.366822,1.3992209999999998,0.8617
147,979,2007,5,529813.89,938680.0,0.29401700000000003,0.29401700000000003,1.3992209999999998,0.799
148,979,2007,6,286253.48,507160.0,-0.459709,-0.459709,1.3992209999999998,1.3827
149,979,2007,7,381438.01,675800.0,0.332518,0.332518,1.3992209999999998,2.0015
150,979,2007,8,513626.64,729120.0,0.078899,0.078899,1.3992209999999998,1.7132
151,2006,2007,1,318131.89,550080.0,0.132411,0.132411,1.555259,0.6593
152,2006,2007,2,398636.47,689280.0,0.253054,0.253054,1.555259,0.7773
153,2006,2007,3,451380.85,780480.0,0.132312,0.132312,1.555259,0.8486
154,2006,2007,4,565752.88,978240.0,0.253383,0.253383,1.555259,0.8668
155,2006,2007,5,560200.84,968640.0,-0.009814,-0.009814,1.555259,0.7726
156,2006,2007,6,399746.88,691200.0,-0.28642199999999995,-0.28642199999999995,1.555259,1.0398
157,2006,2007,7,516339.72,892800.0,0.291667,0.291667,1.555259,1.3461
158,2006,2007,8,956061.29,1653120.0,0.851613,0.851613,1.555259,1.4623
159,2006,2007,9,1024906.58,1772160.0,0.072009,0.072009,1.555259,1.5118
160,2006,2007,10,773954.38,1338240.0,-0.244854,-0.244854,1.555259,1.6301
161,2006,2007,11,834471.61,1442880.0,0.078192,0.078192,1.555259,1.1237
162,2006,2007,12,963278.94,1665600.0,0.154358,0.154358,1.555259,1.1178
163,2020,2007,1,237512.35,662106.0,0.11453,0.11453,1.096834,0.8071
164,2020,2007,2,269569.23,751470.0,0.134969,0.134969,1.096834,0.8251
165,2020,2007,3,389782.53,1086585.0,0.445946,0.445946,1.096834,1.1359
166,2020,2007,4,402532.43,1122127.5,0.03271,0.03271,1.096834,0.602
167,2020,2007,5,388689.68,1083538.5,-0.034389,-0.034389,1.096834,0.4772
168,2020,2007,6,368607.84,850989.0,-0.21462,-0.21462,1.096834,0.7192
169,2020,2007,7,438106.7,1011438.0,0.188544,0.188544,1.096834,0.7388
170,2020,2007,8,455261.48,1051042.5,0.039157,0.039157,1.096834,0.7529
171,2020,2007,9,473295.99,1092678.0,0.039614,0.039614,1.096834,0.7554
172,2020,2007,10,470216.93,1085569.5,-0.0065060000000000005,-0.0065060000000000005,1.096834,0.6695
173,2020,2007,11,469777.06,1084554.0,-0.000935,-0.000935,1.096834,0.5279
174,2020,2007,12,585021.99,1350615.0,0.245318,0.245318,1.096834,0.5823
175,2020,2008,1,484732.51,1119081.0,-0.171429,-0.171429,1.838692,0.7036
176,2020,2008,2,534877.25,1234848.0,0.103448,0.103448,1.838692,0.685
177,2020,2008,3,417872.85,964725.0,-0.21875,-0.21875,1.838692,0.6544
178,2020,2008,4,355411.86,820524.0,-0.149474,-0.149474,1.838692,0.8895
179,2020,2008,5,356291.59,822555.0,0.002475,0.002475,1.838692,0.958
180,2020,2008,6,269765.98,599145.0,-0.27160500000000004,-0.27160500000000004,1.838692,0.9477
181,2020,2008,7,296285.34,658044.0,0.098305,0.098305,1.838692,0.9771
182,2020,2008,8,253305.68,562587.0,-0.145062,-0.145062,1.838692,1.0403
183,2020,2008,9,204839.25,454944.0,-0.191336,-0.191336,1.838692,1.069
184,2020,2008,10,177405.42,394014.0,-0.133929,-0.133929,1.838692,0.9564
185,2020,2008,11,212612.17,472207.5,0.198454,0.198454,1.838692,1.0346
186,2020,2008,12,253762.91,563602.5,0.193548,0.193548,1.838692,1.043
187,2020,2009,1,277538.9,616408.5,0.093694,0.093694,1.241882,0.992
188,2020,2009,2,469006.64,599145.0,-0.028007,-0.028007,1.241882,0.9069
189,2020,2009,3,556448.55,710850.0,0.186441,0.186441,1.241882,0.8845
190,2020,2009,4,585860.83,748423.5,0.052857000000000015,0.052857000000000015,1.241882,0.8824
191,2020,2009,5,622427.45,795136.5,0.062415,0.062415,1.241882,0.8909
192,2020,2009,6,658199.14,840834.0,0.057471,0.057471,1.241882,0.7949
193,2020,2009,7,690791.13,882469.5,0.049517,0.049517,1.241882,0.7372
194,2020,2009,8,588245.61,751470.0,-0.148446,-0.148446,1.241882,0.762
195,2020,2009,9,630376.71,805291.5,0.071622,0.071622,1.241882,0.6775
196,2020,2009,10,709869.36,906841.5,0.126103,0.126103,1.241882,0.7325
197,2020,2009,11,856930.77,1094709.0,0.207167,0.207167,1.241882,0.7277
198,2020,2009,12,845801.8,1080492.0,-0.012987,-0.012987,1.241882,0.8264
199,2034,2007,1,409791.06,652204.8,0.142045,0.142045,1.375006,0.9039
200,2034,2007,2,441901.55,703310.4,0.07835800000000001,0.07835800000000001,1.375006,0.8603
201,2034,2007,3,529058.6,842025.6,0.197232,0.197232,1.375006,0.8884
202,2034,2007,4,566266.0,901243.2,0.070328,0.070328,1.375006,0.5433
203,2034,2007,5,542820.24,863928.0,-0.041404,-0.041404,1.375006,0.3455
204,2034,2007,6,408771.68,650582.4,-0.230398,-0.228169,1.375006,0.591
205,2034,2007,7,534155.51,850137.6,0.306733,0.306733,1.375006,0.8796
206,2034,2007,8,570853.21,908544.0,0.068702,0.068702,1.375006,0.9015
207,2034,2007,9,588692.38,936936.0,0.03125,0.03125,1.375006,0.8987
208,2034,2007,10,621840.34,889075.2,-0.051082,-0.051082,1.375006,0.8828
209,2034,2007,11,592904.34,847704.0,-0.046533,-0.046533,1.375006,0.6939
210,2034,2007,12,706946.22,1010755.2,0.192344,0.192344,1.375006,0.7378
211,2034,2009,1,429936.0,429936.0,0.086066,0.086066,1.735766,1.065
212,2034,2009,2,541881.6,541881.6,0.260377,0.260377,1.735766,1.1031
213,2034,2009,3,564595.2,564595.2,0.041916,0.041916,1.735766,0.9705
214,2034,2009,4,588931.2,588931.2,0.043103,0.043103,1.735766,0.9665
215,2034,2009,5,638414.4,638414.4,0.084022,0.084022,1.735766,0.9775
216,2034,2009,6,739814.4,739814.4,0.158831,0.158831,1.735766,0.9425
217,2034,2009,7,728457.6,728457.6,-0.015350999999999997,-0.015350999999999997,1.735766,0.838
218,2034,2009,8,661939.2,661939.2,-0.091314,-0.091314,1.735766,0.697
219,2034,2009,9,701688.0,701688.0,0.060049,0.060049,1.735766,0.6508
220,2034,2009,10,937747.2,937747.2,0.336416,0.336416,1.735766,0.4339
221,2034,2009,11,1013188.8,1013188.8,0.08045,0.08045,1.735766,0.4057
222,2034,2009,12,1071595.2,1071595.2,0.057646,0.057646,1.735766,0.4687
223,2034,2010,1,1022112.0,1022112.0,-0.046177,-0.046177,1.522982,0.5618
224,2034,2010,2,1038336.0,1038336.0,0.015872999999999998,0.015872999999999998,1.522982,0.5333
225,2034,2010,3,1155960.0,1155960.0,0.113281,0.113281,1.522982,0.6631
226,2034,2010,4,989664.0,989664.0,-0.14386,-0.14386,1.522982,0.8028
227,2034,2010,5,936124.8,936124.8,-0.054098,-0.054098,1.522982,0.8174
228,2034,2010,6,786864.0,786864.0,-0.159445,-0.159445,1.522982,0.8595
229,2034,2010,7,932880.0,932880.0,0.185567,0.185567,1.522982,1.1509
230,2034,2010,8,1095120.0,1095120.0,0.173913,0.173913,1.522982,1.4513
231,2034,2010,9,1019678.4,1019678.4,-0.06888899999999999,-0.06888899999999999,1.522982,1.4765
232,2034,2010,10,1066728.0,1066728.0,0.046142,0.046142,1.522982,1.1328
233,2034,2010,11,1052937.6,1052937.6,-0.012928,-0.012928,1.522982,1.205
234,2034,2010,12,833448.56,1144603.2,0.08705700000000001,0.08705700000000001,1.522982,1.1672
235,2043,2007,1,388265.28,793000.0,0.14841,0.14841,0.933337,0.3755
236,2043,2007,2,437246.44,893040.0,0.126154,0.126154,0.933337,0.4246
237,2043,2007,3,523859.46,1069940.0,0.198087,0.198087,0.933337,0.4825
238,2043,2007,4,597331.2,1220000.0,0.140251,0.140251,0.933337,0.4227
239,2043,2007,5,618237.79,1262700.0,0.062261,0.065,0.933337,0.3584
240,2043,2007,6,476670.3,973560.0,-0.228986,-0.228986,0.933337,0.6488
241,2043,2007,7,606291.17,1238300.0,0.27193,0.27193,0.933337,0.9276
242,2043,2007,8,685138.89,1399340.0,0.130049,0.130049,0.933337,0.9566
243,2043,2007,9,643923.03,1315160.0,-0.060157,-0.060157,0.933337,1.0095
244,2043,2007,10,592552.55,1210240.0,-0.079777,-0.079777,0.933337,1.0877
245,2043,2007,11,787816.03,1123620.0,-0.071573,-0.071573,0.933337,0.8775
246,2043,2007,12,975146.88,1390800.0,0.237785,0.237785,0.933337,0.9294
247,2102,2009,1,395692.62,799690.67,0.03304,0.03304,1.145866,1.285
248,2102,2009,2,399911.09,808216.15,0.010661,0.010661,1.145866,1.2831
249,2102,2009,3,523934.15,1058865.47,0.310127,0.310127,1.145866,1.2225
250,2102,2009,4,508747.65,1028173.71,-0.028986,-0.028986,1.145866,1.192
251,2102,2009,5,578774.28,1169696.8,0.13764500000000002,0.13764500000000002,1.145866,1.1665
252,2102,2009,6,566962.56,1145825.43,-0.020408000000000003,-0.020408000000000003,1.145866,1.1791
253,2102,2009,7,585523.83,1183337.57,0.040052,0.040179,1.145866,1.0853
254,2102,2009,8,471625.1,953149.43,-0.194524,-0.194524,1.145866,1.0213
255,2102,2009,9,478374.66,966790.21,0.014311,0.014311,1.145866,0.9832
256,2102,2009,10,545026.5,1101492.9,0.13932999999999998,0.13932999999999998,1.145866,0.8502
257,2102,2009,11,618427.91,1249836.37,0.134675,0.134675,1.145866,0.8312
258,2102,2009,12,715452.75,1445922.57,0.156889,0.156889,1.145866,0.9459
259,2112,2009,1,607554.17,931200.0,-0.016061000000000002,-0.016061000000000002,1.093095,0.9096
260,2112,2009,2,528217.2,809600.0,-0.130584,-0.130584,1.093095,0.7832
261,2112,2009,3,649310.47,995200.0,0.229249,0.229249,1.093095,0.8213
262,2112,2009,4,733866.97,1124800.0,0.130225,0.130225,1.093095,0.835
263,2112,2009,5,759964.66,1164800.0,0.037754,0.037696,1.093095,0.8152
264,2112,2009,6,730735.25,1120000.0,-0.038462,-0.038462,1.093095,1.1121
265,2112,2009,7,830845.98,1273440.0,0.13699999999999998,0.13699999999999998,1.093095,1.0931
266,2112,2009,8,841807.01,1290240.0,0.013193,0.013193,1.093095,0.7303
267,2112,2009,9,832307.45,1275680.0,-0.011285,-0.011285,1.093095,0.6281
268,2112,2009,10,950686.56,1457120.0,0.14223,0.14223,1.093095,0.2985
269,2112,2009,11,992338.47,1520960.0,0.043812,0.043812,1.093095,0.1201
270,2112,2009,12,1078565.23,1653120.0,0.086892,0.086892,1.093095,0.3501
271,2112,2012,1,752822.61,828800.0,-0.051282000000000015,-0.051282000000000015,1.594996,1.0043
272,2112,2012,2,834208.84,918400.0,0.108108,0.108108,1.594996,1.0148
273,2112,2012,4,908473.77,1000160.0,0.089024,0.089024,1.594996,1.096
274,2112,2012,5,867780.66,955360.0,-0.044793,-0.044793,1.594996,1.0513
275,2112,2012,6,714164.15,786240.0,-0.177022,-0.177022,1.594996,1.094
276,2112,2012,7,637073.73,686560.0,-0.126781,-0.126781,1.594996,1.1656
277,2112,2012,8,675526.79,728000.0,0.060359,0.060359,1.594996,1.1915
278,2112,2012,9,739961.66,797440.0,0.095385,0.095385,1.594996,1.2604
279,2112,2012,11,693194.42,747040.0,-0.063202,-0.063202,1.594996,1.1857
280,2112,2012,12,762825.64,822080.0,0.10045,0.10045,1.594996,1.0504
281,2143,2011,1,662218.39,1500675.0,-0.089581,-0.089581,1.094772,1.24
282,2143,2011,2,705421.94,1598580.0,0.065241,0.065241,1.094772,1.2265
283,2143,2011,3,748625.49,1696485.0,0.061245000000000015,0.061245000000000015,1.094772,1.1473
284,2143,2011,4,731627.37,1657965.0,-0.022706,-0.022706,1.094772,1.2693
285,2143,2011,5,655135.84,1484625.0,-0.10455,-0.10455,1.094772,1.0655
286,2143,2011,6,679048.38,1510305.0,0.017297,0.017297,1.094772,0.9342
287,2143,2011,7,676161.88,1503885.0,-0.004251,-0.004251,1.094772,0.8925
288,2143,2011,8,637915.8,1418820.0,-0.056564,-0.056564,1.094772,0.704
289,2143,2011,9,610494.08,1357830.0,-0.042986,-0.042986,1.094772,0.5855
290,2143,2011,10,673275.39,1497465.0,0.10283699999999997,0.10283699999999997,1.094772,0.7903
291,2143,2011,11,671110.52,1492650.0,-0.003215,-0.003215,1.094772,0.7704
292,2143,2011,12,549877.65,1223010.0,-0.180645,-0.180645,1.094772,0.9746
293,2205,2018,1,1893277.89,1893277.89,-0.07961599999999999,-0.07961599999999999,2.0300830000000003,1.1098
294,2205,2018,2,1817779.08,1817779.08,-0.039877,-0.039877,2.0300830000000003,0.5725
295,2205,2018,3,2003622.31,2003622.31,0.102236,0.102236,2.0300830000000003,0.8018
296,2205,2018,4,1706273.14,1706273.14,-0.14840599999999998,-0.14840599999999998,2.0300830000000003,1.1847
297,2205,2018,5,1620320.65,1620320.65,-0.050374,-0.050374,2.0300830000000003,1.5863
298,2205,2018,6,1386855.09,1386855.09,-0.144086,-0.144086,2.0300830000000003,1.6451
299,2205,2018,7,1611028.49,1611028.49,0.165822,0.165159,2.0300830000000003,1.6959
300,2205,2018,8,1444931.1,1444931.1,-0.1031,-0.1031,2.0300830000000003,1.3446
301,2205,2018,9,1372916.85,1372916.85,-0.049839,-0.049839,2.0300830000000003,1.3609
302,2205,2018,10,1317163.88,1317163.88,-0.040609,-0.040609,2.0300830000000003,1.0706
303,2205,2018,11,1475130.63,1475130.63,0.119929,0.119929,2.0300830000000003,1.2694
304,2205,2018,12,1358978.61,1358978.61,-0.07874,-0.07874,2.0300830000000003,1.4077
305,2607,2015,1,1603230.0,2298067.2,0.014545,0.014545,0.912902,1.2324
306,2607,2015,2,1840745.56,2638521.6,0.148148,0.148148,0.912902,1.3261
307,2607,2015,3,2197018.89,3149203.2,0.193548,0.193548,0.912902,1.1003
308,2607,2015,6,2645077.75,3787006.08,0.202528,0.202528,0.912902,0.1892
309,2607,2015,7,1877232.37,2687667.84,-0.290292,-0.290292,0.912902,0.7936
310,2607,2015,8,2153955.87,3083857.92,0.14741,0.14741,0.912902,0.4559
311,2607,2015,9,2283592.1,3269460.48,0.060185,0.060185,0.912902,0.4559
312,2607,2015,10,2769727.98,3965470.08,0.212882,0.212882,0.912902,0.4781
313,2607,2015,11,3500178.29,5011269.12,0.263726,0.263726,0.912902,0.545
314,2607,2015,12,4007450.18,5603769.6,0.118234,0.118234,0.912902,0.5458
315,600070,2007,1,379466.4,616159.83,0.315315,0.315315,1.39891,0.5324
316,600070,2007,2,431448.1,700565.28,0.136986,0.136986,1.39891,0.5686
317,600070,2007,3,523282.43,849681.59,0.212851,0.212851,1.39891,0.6799
318,600070,2007,4,725144.69,1177456.11,0.385762,0.385762,1.39891,1.0789
319,600070,2007,5,967878.81,1219658.84,0.042057,0.043011,1.39891,1.391
320,600070,2007,6,620692.76,782157.23,-0.358708,-0.358708,1.39891,1.676
321,600070,2007,7,788145.84,993170.87,0.269784,0.269784,1.39891,1.8051
322,600070,2007,8,847312.59,1067729.02,0.075071,0.075071,1.39891,1.8047
323,600070,2007,9,875221.44,1102897.96,0.032938,0.032938,1.39891,1.7874
324,600070,2007,10,732328.15,922832.99,-0.16326500000000002,-0.16326500000000002,1.39891,1.8867
325,600070,2007,11,806007.5,1015678.99,0.10061,0.10061,1.39891,1.1957
326,600070,2007,12,980158.71,1235133.17,0.216066,0.216066,1.39891,1.2862
327,600070,2008,1,922108.3,1161981.78,-0.059226,-0.059226,1.833523,1.1213
328,600070,2008,2,1015882.03,1280149.42,0.101695,0.101695,1.833523,1.1057
329,600070,2008,3,883035.92,1112745.26,-0.130769,-0.130769,1.833523,1.0039
330,600070,2008,4,755771.58,952374.9,-0.144121,-0.144121,1.833523,0.8321
331,600070,2008,5,747615.81,886257.29,-0.055173,-0.054653,1.833523,0.8284
332,600070,2008,6,569612.04,675243.65,-0.238095,-0.238095,1.833523,0.7833
333,600070,2008,7,605212.8,717446.38,0.0625,0.0625,1.833523,0.6554
334,600070,2008,8,477050.09,565516.56,-0.211765,-0.211765,1.833523,0.7854
335,600070,2008,9,511464.15,606312.53,0.072139,0.072139,1.833523,0.7908
336,600070,2008,10,329900.31,391078.61,-0.354988,-0.354988,1.833523,1.037
337,600070,2008,11,382114.75,452975.95,0.158273,0.158273,1.833523,1.1178
338,600070,2008,12,386861.51,458602.98,0.012422,0.012422,1.833523,1.0577
339,600070,2009,1,442636.03,524720.58,0.144172,0.144172,1.286931,1.0637
340,600070,2009,2,462809.79,548635.46,0.045576,0.045576,1.286931,1.0322
341,600070,2009,3,604026.11,716039.62,0.305128,0.305128,1.286931,1.1925
342,600070,2009,4,674040.92,799038.32,0.115914,0.115914,1.286931,1.2648
343,600070,2009,5,893291.08,893291.08,0.1371,0.13556300000000002,1.286931,1.2822
344,600070,2009,6,987543.84,987543.84,0.105512,0.105512,1.286931,1.2577
345,600070,2009,7,1308284.57,1308284.57,0.324786,0.324786,1.286931,1.3137
346,600070,2009,8,984730.32,984730.32,-0.247312,-0.247312,1.286931,1.2718
347,600070,2009,9,1145100.69,1145100.69,0.162857,0.162857,1.286931,1.3308
348,600070,2009,10,1187303.41,1187303.41,0.036855,0.036855,1.286931,1.2586
349,600070,2009,11,1271708.87,1271708.87,0.07109,0.07109,1.286931,1.2616
350,600070,2009,12,1259048.05,1259048.05,-0.009956,-0.009956,1.286931,1.2728
351,600070,2010,1,1190116.93,1190116.93,-0.054749,-0.054749,1.37675,1.2582
352,600070,2010,2,1249200.75,1249200.75,0.049645,0.049645,1.37675,1.2607
353,600070,2010,3,1313911.6,1313911.6,0.051802,0.051802,1.37675,1.1992
354,600070,2010,4,1154947.99,1154947.99,-0.120985,-0.120985,1.37675,1.2326
355,600070,2010,5,1069135.78,1069135.78,-0.050412,-0.049939,1.37675,1.1858
356,600070,2010,6,990357.35,990357.35,-0.073684,-0.073684,1.37675,1.2494
357,600070,2010,7,1169015.57,1169015.57,0.180398,0.180398,1.37675,1.12
358,600070,2010,8,1252014.26,1252014.26,0.070999,0.070999,1.37675,1.0734
359,600070,2010,9,1302657.54,1302657.54,0.040449,0.040449,1.37675,0.9965
360,600070,2010,10,1280149.42,1280149.42,-0.017279,-0.017279,1.37675,0.8026
361,600070,2010,11,1557280.66,1557280.66,0.216484,0.216484,1.37675,0.5726
362,600070,2010,12,1468654.93,1468654.93,-0.056911,-0.056911,1.37675,0.6144
363,600070,2011,1,1380029.21,1380029.21,-0.060345,-0.060345,1.086486,0.5833
364,600070,2011,2,1530552.27,1530552.27,0.109072,0.109072,1.086486,0.6237
365,600070,2011,3,1772514.58,1772514.58,0.158088,0.158088,1.086486,0.6463
366,600070,2011,4,1624805.03,1624805.03,-0.083333,-0.083333,1.086486,0.4861
367,600070,2011,5,1478502.24,1478502.24,-0.090043,-0.090043,1.086486,0.5489
368,600070,2011,6,1448960.33,1448960.33,-0.019981,-0.019981,1.086486,0.3854
369,600070,2011,7,1904749.79,1904749.79,0.31456300000000004,0.31456300000000004,1.086486,-0.3985
370,600070,2011,8,1482722.51,1482722.51,-0.221566,-0.221566,1.086486,0.1661
371,600070,2011,9,1413791.39,1413791.39,-0.04649,-0.04649,1.086486,0.2881
372,600070,2011,10,1309691.33,1309691.33,-0.073632,-0.073632,1.086486,0.4638
373,600070,2011,11,1229506.14,1229506.14,-0.061224,-0.061224,1.086486,1.1219
374,600070,2011,12,1083203.35,1083203.35,-0.118993,-0.118993,1.086486,1.2704
375,600114,2009,1,506086.6,918850.0,0.093023,0.093023,1.16095,0.7915
376,600114,2009,2,557772.04,1012690.0,0.102128,0.102128,1.16095,0.8025
377,600114,2009,3,636376.98,1155405.0,0.140927,0.140927,1.16095,0.9425
378,600114,2009,4,602996.8,1094800.0,-0.036475,-0.035532999999999995,1.16095,0.9713
379,600114,2009,5,642837.66,1167135.0,0.066071,0.066071,1.16095,0.9745
380,600114,2009,6,665450.04,1208190.0,0.035176,0.035176,1.16095,0.8231
381,600114,2009,7,684832.08,1243380.0,0.029126,0.029126,1.16095,0.7531
382,600114,2009,8,563155.94,1022465.0,-0.177673,-0.177673,1.16095,0.717
383,600114,2009,9,654682.24,1188640.0,0.162524,0.162524,1.16095,0.727
384,600114,2009,10,651451.9,1182775.0,-0.004934,-0.004934,1.16095,0.6439
385,600114,2009,11,825890.26,1499485.0,0.267769,0.267769,1.16095,0.6395
386,600114,2009,12,758053.12,1376320.0,-0.082138,-0.082138,1.16095,0.6646
387,600234,2005,7,56760.0,123895.2,-0.12,-0.12,2.865903,1.1706
388,600234,2005,8,77830.0,169886.6,0.371212,0.371212,2.865903,1.9281
389,600234,2005,9,76970.0,168009.4,-0.01105,-0.01105,2.865903,1.9722
390,600234,2005,10,81270.0,177395.4,0.055866,0.055866,2.865903,1.5348
391,600234,2005,11,83420.0,182088.4,0.026455000000000003,0.026455000000000003,2.865903,1.4038
392,600234,2005,12,77830.0,169886.6,-0.06701,-0.06701,2.865903,1.099
393,600241,2009,1,319783.58,661440.0,0.07216499999999999,0.07216499999999999,1.20546,1.0829
394,600241,2009,2,335670.27,694300.0,0.049679,0.049679,1.20546,1.0148
395,600241,2009,3,417153.58,862840.0,0.242748,0.242748,1.20546,1.0731
396,600241,2009,4,465384.85,872380.0,0.011057,0.011057,1.20546,1.1153
397,600241,2009,5,546247.58,1023960.0,0.173755,0.173755,1.20546,1.175
398,600241,2009,6,582437.9,1091800.0,0.06625299999999999,0.06625299999999999,1.20546,1.1635
399,600241,2009,7,648032.85,1214760.0,0.112621,0.112621,1.20546,1.1051
400,600241,2009,8,598836.64,1122540.0,-0.075916,-0.075916,1.20546,0.8951
401,600241,2009,10,650294.74,1219000.0,0.08592999999999999,0.08592999999999999,1.20546,0.5479
402,600241,2009,11,755472.85,1416160.0,0.16173900000000002,0.16173900000000002,1.20546,0.5251
403,600241,2009,12,735681.27,1379060.0,-0.026198000000000003,-0.026198000000000003,1.20546,0.5978
404,600241,2010,1,682526.74,1279420.0,-0.072252,-0.072252,1.6544720000000002,0.6801
405,600241,2010,2,753776.43,1412980.0,0.104391,0.104391,1.6544720000000002,0.6719
406,600241,2010,3,756038.32,1417220.0,0.003001,0.003001,1.6544720000000002,0.5633
407,600241,2010,4,1194620.0,1194620.0,-0.157068,-0.157068,1.6544720000000002,0.6839
408,600241,2010,5,1072720.0,1072720.0,-0.102041,-0.102041,1.6544720000000002,0.6896
409,600241,2010,6,903120.0,903120.0,-0.153672,-0.153162,1.6544720000000002,0.7684
410,600241,2010,7,1061060.0,1061060.0,0.17488299999999998,0.17488299999999998,1.6544720000000002,0.9061
411,600241,2010,8,1182960.0,1182960.0,0.114885,0.114885,1.6544720000000002,1.3823
412,600241,2010,9,1255040.0,1255040.0,0.060932000000000014,0.060932000000000014,1.6544720000000002,1.4519
413,600241,2010,10,1415100.0,1415100.0,0.12753399999999998,0.12753399999999998,1.6544720000000002,1.4146
414,600241,2010,11,1698120.0,1698120.0,0.2,0.2,1.6544720000000002,1.1182
415,600241,2010,12,1497780.0,1497780.0,-0.117978,-0.117978,1.6544720000000002,1.1878
416,600259,2006,1,196768.0,443872.0,0.089005,0.089005,1.7819650000000002,1.3928
417,600259,2006,2,215688.0,486552.0,0.096154,0.096154,1.7819650000000002,1.5171
418,600259,2006,3,186362.0,420398.0,-0.135965,-0.135965,1.7819650000000002,1.4754
419,600259,2006,4,159874.0,360646.0,-0.14213199999999998,-0.14213199999999998,1.7819650000000002,0.6839
420,600259,2006,5,199606.0,450274.0,0.248521,0.248521,1.7819650000000002,1.2244
421,600259,2006,6,198660.0,448140.0,-0.004739,-0.004739,1.7819650000000002,1.2124
422,600259,2006,7,186362.0,420398.0,-0.061905,-0.061905,1.7819650000000002,1.0765
423,600259,2006,8,214742.0,484418.0,0.152284,0.152284,1.7819650000000002,0.9988
424,600259,2006,9,236500.0,533500.0,0.101322,0.101322,1.7819650000000002,1.0294
425,600259,2006,10,217580.0,490820.0,-0.08,-0.08,1.7819650000000002,0.9937
426,600259,2006,11,186362.0,420398.0,-0.143478,-0.143478,1.7819650000000002,0.6228
427,600259,2006,12,193930.0,437470.0,0.040609,0.040609,1.7819650000000002,0.5442
428,600265,2007,1,340848.0,682748.0,0.203661,0.203661,0.924733,1.191
429,600265,2007,2,388800.0,778800.0,0.140684,0.140684,0.924733,1.3137
430,600265,2007,3,513216.0,1028016.0,0.32,0.32,0.924733,1.5147
431,600265,2007,4,762696.0,1527746.0,0.486111,0.486111,0.924733,1.7143
432,600265,2007,5,754920.0,1512170.0,-0.010195,-0.010195,0.924733,1.6019
433,600265,2007,6,439992.0,881342.0,-0.417167,-0.417167,0.924733,1.9478
434,600265,2007,7,607824.0,1217524.0,0.381443,0.381443,0.924733,2.4105
435,600265,2007,8,690120.0,1382370.0,0.135394,0.135394,0.924733,2.4695
436,600265,2007,9,931328.0,1765280.0,0.276995,0.276995,0.924733,2.0811
437,600265,2007,10,924480.0,1752300.0,-0.007353,-0.007353,0.924733,1.9144
438,600265,2007,11,905305.6,1715956.0,-0.020741,-0.020741,0.924733,1.4644
439,600265,2007,12,1041580.8,1974258.0,0.15053,0.15053,0.924733,1.5171
440,600346,2007,1,259274.4,512400.0,0.173077,0.173077,1.052718,1.2049
441,600346,2007,2,322499.1,637350.0,0.243852,0.243852,1.052718,1.3063
442,600346,2007,3,402725.4,795900.0,0.248764,0.248764,1.052718,1.5345
443,600346,2007,4,559458.9,1105650.0,0.389182,0.389182,1.052718,1.5376
444,600346,2007,5,538206.9,1063650.0,-0.037987,-0.037987,1.052718,1.443
445,600346,2007,6,337375.5,666750.0,-0.373149,-0.373149,1.052718,1.7172
446,600346,2007,7,608442.85,1157100.0,0.735433,0.735433,1.052718,2.076
447,600346,2007,8,868494.2,1651650.0,0.427405,0.427405,1.052718,2.2346
448,600346,2007,9,755308.37,1436400.0,-0.130324,-0.130324,1.052718,2.3485
449,600346,2007,10,593535.45,1128750.0,-0.214181,-0.214181,1.052718,2.4919
450,600346,2007,11,778497.66,1480500.0,0.311628,0.311628,1.052718,1.3563
451,600346,2007,12,815490.1,1550850.0,0.047518,0.047518,1.052718,1.4014
452,600373,2006,1,179550.0,498750.0,0.099174,0.099174,1.870012,1.2993
453,600373,2006,2,177414.3,367500.0,-0.011895,-0.011895,1.870012,1.2886
454,600373,2006,3,174397.05,361250.0,-0.017006999999999998,-0.017006999999999998,1.870012,1.6152
455,600373,2006,4,176207.4,365000.0,0.010381,0.010381,1.870012,1.1534
456,600373,2006,5,213621.3,442500.0,0.212329,0.212329,1.870012,1.5134
457,600373,2006,6,219655.8,455000.0,0.028249,0.028249,1.870012,1.5133
458,600373,2006,7,197931.6,410000.0,-0.098901,-0.098901,1.870012,1.3548
459,600373,2006,8,205173.0,425000.0,0.04124,0.041159,1.870012,1.243
460,600373,2006,9,211810.95,438750.0,0.032353,0.032353,1.870012,1.2644
461,600373,2006,10,207586.8,430000.0,-0.019943,-0.019943,1.870012,1.2615
462,600373,2006,11,202759.2,420000.0,-0.023256,-0.023256,1.870012,1.1299
463,600373,2006,12,199138.5,412500.0,-0.017856999999999998,-0.017856999999999998,1.870012,0.8735
464,600373,2007,1,244397.25,506250.0,0.227273,0.227273,1.595127,1.0643
465,600373,2007,2,320776.98,588750.0,0.16296300000000002,0.16296300000000002,1.595127,0.9062
466,600373,2007,3,415443.64,762500.0,0.295117,0.295117,1.595127,1.0571
467,600373,2007,4,506705.03,930000.0,0.219672,0.219672,1.595127,0.909
468,600373,2007,5,586388.48,1076250.0,0.15725799999999998,0.15725799999999998,1.595127,0.8533
469,600373,2007,6,361640.28,663750.0,-0.383275,-0.383275,1.595127,1.2927
470,600373,2007,7,469928.05,862500.0,0.299435,0.299435,1.595127,1.4502
471,600373,2007,8,533266.18,978750.0,0.137249,0.136957,1.595127,1.504
472,600373,2007,9,551654.67,1012500.0,0.034483,0.034483,1.595127,1.5018
473,600373,2007,10,449496.4,825000.0,-0.185185,-0.185185,1.595127,1.6342
474,600373,2007,11,474695.44,871250.0,0.056061,0.056061,1.595127,1.0969
475,600373,2007,12,564594.72,1036250.0,0.189383,0.189383,1.595127,1.1805
476,600373,2008,5,611202.33,1027500.0,-0.008444,-0.008444,1.361779,1.095
477,600373,2008,6,456542.86,767500.0,-0.253041,-0.253041,1.361779,1.0999
478,600373,2008,7,553205.03,930000.0,0.214088,0.214169,1.361779,1.0351
479,600373,2008,8,539821.04,907500.0,-0.024194,-0.024194,1.361779,1.0551
480,600373,2008,9,443902.43,746250.0,-0.17768599999999998,-0.17768599999999998,1.361779,1.0648
481,600373,2008,10,249834.53,420000.0,-0.437186,-0.437186,1.361779,1.1545
482,600373,2008,11,331253.82,556875.0,0.325893,0.325893,1.361779,1.2117
483,600373,2008,12,312293.16,525000.0,-0.057239,-0.057239,1.361779,1.2957
484,600419,2005,7,132300.0,353505.6,0.097015,0.097015,2.307136,1.3409
485,600419,2005,8,133500.0,356712.0,0.00907,0.00907,2.307136,1.1882
486,600419,2005,9,139800.0,373545.6,0.047191,0.047191,2.307136,1.2461
487,600419,2005,10,126900.0,339076.8,-0.092275,-0.092275,2.307136,1.2478
488,600419,2005,11,134400.0,359116.8,0.059102,0.059102,2.307136,1.1321
489,600419,2005,12,132300.0,353505.6,-0.015625,-0.015625,2.307136,0.9958
490,600419,2006,1,124200.0,331862.4,-0.061224,-0.061224,2.295389,0.6922
491,600419,2006,2,124500.0,332664.0,0.002415,0.002415,2.295389,0.5821
492,600419,2006,3,120600.0,322243.2,-0.031325,-0.031325,2.295389,-0.3063
493,600419,2006,4,133500.0,356712.0,0.106965,0.106965,2.295389,-0.1137
494,600419,2006,5,152685.0,302203.2,0.143707,0.143708,2.295389,-0.3702
495,600419,2006,6,153495.0,303806.4,0.005305,0.005305,2.295389,-0.3755
496,600419,2006,7,142155.0,281361.6,-0.073879,-0.073879,2.295389,-0.0871
497,600419,2006,8,146610.0,290179.2,0.031339,0.031339,2.295389,-0.1115
498,600419,2006,9,159165.0,315028.8,0.085635,0.085635,2.295389,-0.0286
499,600419,2006,10,156735.0,310219.2,-0.015267,-0.015267,2.295389,-0.2494
500,600419,2006,11,161595.0,319838.4,0.031008,0.031008,2.295389,-0.0662
501,600419,2006,12,156735.0,310219.2,-0.030075,-0.030075,2.295389,-0.1023
502,600419,2007,1,186300.0,368736.0,0.18863,0.18863,1.009415,0.3013
503,600419,2007,5,247887.36,426451.2,0.156522,0.156522,1.009415,0.3366
504,600419,2007,6,335486.65,577152.0,0.353383,0.353383,1.009415,-0.3812
505,600419,2007,7,373228.9,642081.6,0.1125,0.1125,1.009415,-0.2654
506,600419,2007,8,396060.63,681360.0,0.061174,0.061174,1.009415,-0.0679
507,600419,2007,9,394662.77,678955.2,-0.003529,-0.003529,1.009415,-0.0833
508,600419,2007,10,337816.42,581160.0,-0.144038,-0.144038,1.009415,-0.1169
509,600419,2007,11,372296.99,640478.4,0.102069,0.102069,1.009415,-0.1424
510,600419,2007,12,398390.4,685368.0,0.070088,0.070088,1.009415,-0.1386
511,600419,2008,1,378820.34,651700.8,-0.049123,-0.049123,1.42982,0.0097
512,600419,2008,2,406311.61,698995.2,0.07257100000000001,0.07257100000000001,1.42982,0.026
513,600419,2008,3,339680.23,584366.4,-0.163991,-0.163991,1.42982,0.3482
514,600419,2008,4,311723.01,536270.4,-0.08230499999999999,-0.08230499999999999,1.42982,0.2497
515,600419,2008,6,244920.3,387974.4,-0.276532,-0.276532,1.42982,0.5664
516,600419,2008,7,304632.28,482563.2,0.243802,0.243802,1.42982,0.6089
517,600419,2008,8,319813.29,506611.2,0.049834,0.049834,1.42982,0.5669
518,600419,2008,9,181160.06,286972.8,-0.433544,-0.433544,1.42982,0.6078
519,600419,2008,10,128532.55,203606.4,-0.290503,-0.290503,1.42982,0.7903
520,600419,2008,11,160918.71,254908.8,0.251969,0.251969,1.42982,1.0099
521,600419,2008,12,190268.66,301401.6,0.18239,0.18239,1.42982,1.1985
522,600444,2007,1,384564.0,511000.0,0.17175,0.17175,1.38194,0.4264
523,600444,2007,2,420386.4,558600.0,0.093151,0.093151,1.38194,0.4484
524,600444,2007,3,493084.8,655200.0,0.172932,0.172932,1.38194,0.4697
525,600444,2007,4,586855.2,779800.0,0.190171,0.190171,1.38194,0.5588
526,600444,2007,6,413011.2,548800.0,-0.29623,-0.29623,1.38194,0.9988
527,600444,2007,7,545238.0,724500.0,0.320153,0.320153,1.38194,1.2911
528,600444,2007,8,736466.4,978600.0,0.350725,0.350725,1.38194,1.4349
529,600444,2007,9,820227.6,1089900.0,0.113734,0.113734,1.38194,1.3825
530,600444,2007,10,874488.0,1162000.0,0.066153,0.066153,1.38194,1.2129
531,600444,2007,11,885024.0,1176000.0,0.012048,0.012048,1.38194,0.909
532,600444,2007,12,1172869.54,1529500.0,0.300595,0.300595,1.38194,1.0376
533,600455,2007,1,241390.6,606467.18,0.216792,0.216792,0.965201,1.4019
534,600455,2007,2,238158.8,598347.64,-0.013388,-0.013388,0.965201,1.4608
535,600455,2007,3,313236.0,786970.8,0.31524,0.31524,0.965201,1.7647
536,600455,2007,4,362458.8,910637.64,0.157143,0.157143,0.965201,1.225
537,600455,2007,5,349283.0,877534.9,-0.036351,-0.036351,0.965201,1.0631
538,600455,2007,6,324423.0,815076.9,-0.071174,-0.071174,0.965201,0.9479
539,600455,2007,7,326909.0,821322.7,0.007663,0.007663,0.965201,0.6963
540,600455,2007,8,390799.2,981839.76,0.195437,0.195437,0.965201,0.7267
541,600455,2007,9,350277.4,880033.22,-0.10369,-0.10369,0.965201,0.8813
542,600455,2007,10,311744.4,783223.32,-0.110007,-0.110007,0.965201,0.8801
543,600455,2007,11,300806.0,755741.8,-0.035088,-0.035088,0.965201,0.6923
544,600455,2007,12,362956.0,911886.8,0.206612,0.206612,0.965201,0.754
545,600493,2007,1,360672.25,807500.0,0.23057,0.23057,1.069487,0.8284
546,600493,2007,2,425213.6,952000.0,0.178947,0.178947,1.069487,0.8839
547,600493,2007,3,520886.66,1166200.0,0.225,0.225,1.069487,0.9192
548,600493,2007,4,927565.56,1647300.0,0.412536,0.412536,1.069487,1.2022
549,600493,2007,5,864387.72,1535100.0,-0.068111,-0.068111,1.069487,1.2243
550,600493,2007,6,536054.4,952000.0,-0.363862,-0.357697,1.069487,1.572
551,600493,2007,7,761963.04,1353200.0,0.421429,0.421429,1.069487,1.8777
552,600493,2007,8,770578.2,1368500.0,0.011307,0.011307,1.069487,1.8492
553,600493,2007,9,771535.44,1370200.0,0.001242,0.001242,1.069487,1.9342
554,600493,2007,10,665281.8,1181500.0,-0.137717,-0.137717,1.069487,1.961
555,600493,2007,12,769620.96,1366800.0,0.156835,0.156835,1.069487,1.4539
556,600493,2008,1,946881.6,1428000.0,0.044776,0.044776,1.5838,1.19
557,600493,2008,2,1047205.96,1579300.0,0.105952,0.105952,1.5838,1.1668
558,600493,2008,3,900664.76,1358300.0,-0.139935,-0.139935,1.5838,1.0515
559,600493,2008,4,732706.0,1105000.0,-0.186483,-0.186483,1.5838,0.8413
560,600493,2008,5,698888.8,1054000.0,-0.046154,-0.046154,1.5838,0.8775
561,600493,2008,6,465550.12,702100.0,-0.317383,-0.309677,1.5838,0.8921
562,600493,2008,7,514021.44,775200.0,0.104116,0.104116,1.5838,0.6076
563,600493,2008,8,431732.92,651100.0,-0.160088,-0.160088,1.5838,0.7508
564,600493,2008,9,390025.04,588200.0,-0.096606,-0.096606,1.5838,0.775
565,600493,2008,10,311118.24,469200.0,-0.202312,-0.202312,1.5838,0.8176
566,600493,2008,11,356207.84,537200.0,0.144928,0.144928,1.5838,0.8935
567,600493,2008,12,358462.32,540600.0,0.006329,0.006329,1.5838,0.8566
568,600493,2009,1,625600.0,625600.0,0.15723299999999998,0.15723299999999998,1.082906,0.9444
569,600493,2009,2,671500.0,671500.0,0.07337,0.07337,1.082906,0.9277
570,600493,2009,3,812600.0,812600.0,0.210127,0.210127,1.082906,1.0086
571,600493,2009,4,807500.0,807500.0,-0.006276,-0.006276,1.082906,1.057
572,600493,2009,5,870400.0,870400.0,0.077895,0.077895,1.082906,1.0706
573,600493,2009,6,1026800.0,1026800.0,0.186493,0.185547,1.082906,0.9924
574,600493,2009,7,1201900.0,1201900.0,0.17053,0.17053,1.082906,0.9811
575,600493,2009,8,962200.0,962200.0,-0.199434,-0.199434,1.082906,0.9617
576,600493,2009,9,1023400.0,1023400.0,0.063604,0.063604,1.082906,0.9384
577,600493,2009,10,1173000.0,1173000.0,0.146179,0.146179,1.082906,1.025
578,600493,2009,11,1392300.0,1392300.0,0.186957,0.186957,1.082906,1.0292
579,600493,2009,12,1455200.0,1455200.0,0.045177,0.045177,1.082906,1.0202
580,600532,2008,1,723194.97,1172340.0,-0.030948000000000007,-0.030948000000000007,1.609739,1.2217
581,600532,2008,2,765778.31,1241370.0,0.058882,0.058882,1.609739,1.2008
582,600532,2008,3,576679.42,934830.0,-0.246937,-0.246937,1.609739,1.1966
583,600532,2008,4,581009.93,941850.0,0.007509,0.007509,1.609739,1.0932
584,600532,2008,5,565131.4,916110.0,-0.027329000000000003,-0.027329000000000003,1.609739,1.1166
585,600532,2008,6,410676.59,665730.0,-0.273308,-0.273308,1.609739,1.0656
586,600532,2008,7,469138.46,760500.0,0.142354,0.142355,1.609739,1.0062
587,600532,2008,8,395952.86,641862.0,-0.156,-0.156,1.609739,1.189
588,600532,2008,9,303063.44,491283.0,-0.234597,-0.234597,1.609739,1.2011
589,600532,2008,10,229877.84,372645.0,-0.241486,-0.241486,1.609739,1.2501
590,600532,2008,11,292742.4,474552.0,0.273469,0.273469,1.609739,1.3872
591,600532,2008,12,390323.19,632736.0,0.333333,0.333333,1.609739,1.4125
592,600566,2007,1,343332.0,614460.24,0.240343,0.240343,1.176566,0.9088
593,600566,2007,2,403920.0,722894.4,0.17647100000000002,0.17647100000000002,1.176566,1.0107
594,600566,2007,3,438372.0,784553.04,0.08529400000000001,0.08529400000000001,1.176566,0.948
595,600566,2007,4,730858.14,1031187.6,0.314363,0.314363,1.176566,1.0548
596,600566,2007,5,711268.13,1003547.52,-0.025979,-0.025773,1.176566,0.9568
597,600566,2007,6,489750.3,691002.0,-0.311441,-0.311441,1.176566,1.25
598,600566,2007,7,652498.09,920627.28,0.332308,0.332308,1.176566,1.4937
599,600566,2007,8,727090.83,1025872.2,0.114319,0.114319,1.176566,1.5362
600,600566,2007,9,707500.82,998232.12,-0.026943,-0.026943,1.176566,1.5909
601,600566,2007,10,597495.37,843022.44,-0.15548499999999998,-0.15548499999999998,1.176566,1.7172
602,600566,2007,11,611811.14,863220.96,0.02396,0.02396,1.176566,1.1634
603,600566,2007,12,703733.51,992916.72,0.150246,0.150246,1.176566,1.2402
604,600566,2008,1,684143.5,965276.64,-0.027837,-0.027837,1.368569,1.0523
605,600566,2008,2,865727.84,1221478.92,0.265419,0.265419,1.368569,0.9987
606,600566,2008,3,705993.89,996105.96,-0.184508,-0.184508,1.368569,1.0025
607,600566,2008,4,740590.52,866410.2,-0.130203,-0.130203,1.368569,0.9417
608,600566,2008,5,796929.93,932321.16,0.076074,0.076074,1.368569,0.9145
609,600566,2008,6,513415.52,600640.2,-0.354825,-0.354618,1.368569,0.9938
610,600566,2008,7,557941.82,652731.12,0.086726,0.086726,1.368569,0.8524
611,600566,2008,8,477067.52,558117.0,-0.144951,-0.144951,1.368569,0.9204
612,600566,2008,9,440719.51,515593.8,-0.07619,-0.07619,1.368569,0.993
613,600566,2008,10,333492.91,390150.36,-0.243299,-0.243299,1.368569,1.0699
614,600566,2008,11,408915.01,478386.0,0.226158,0.226158,1.368569,1.1688
615,600566,2008,12,403462.81,472007.52,-0.013333,-0.013333,1.368569,1.2065
616,600593,2007,1,234553.6,503240.0,0.156448,0.156448,1.023361,0.8219
617,600593,2007,2,261568.0,561200.0,0.115174,0.115174,1.023361,0.8433
618,600593,2007,3,330604.8,709320.0,0.263934,0.263934,1.023361,0.9871
619,600593,2007,4,400928.0,860200.0,0.212711,0.212711,1.023361,0.8936
620,600593,2007,5,456672.0,979800.0,0.139037,0.139037,1.023361,0.7638
621,600593,2007,6,286867.2,615480.0,-0.371831,-0.371831,1.023361,1.2063
622,600593,2007,7,377344.0,809600.0,0.315396,0.315396,1.023361,1.6522
623,600593,2007,8,729139.84,1052480.0,0.3,0.3,1.023361,1.51
624,600593,2007,9,687074.08,991760.0,-0.057691999999999986,-0.057691999999999986,1.023361,1.5828
625,600593,2007,10,785227.52,1133440.0,0.14285699999999998,0.14285699999999998,1.023361,1.3452
626,600593,2007,11,732964.0,1058000.0,-0.066558,-0.066558,1.023361,1.1205
627,600593,2007,12,845139.36,1219920.0,0.153043,0.153043,1.023361,1.1858
628,600703,2005,7,127195.56,259350.73,-0.17803,-0.17803,2.44482,1.1211
629,600703,2005,8,149469.43,304766.98,0.17511500000000002,0.17511500000000002,2.44482,1.4157
630,600703,2005,9,160020.22,326279.95,0.070588,0.070588,2.44482,1.4639
631,600703,2005,10,145952.51,297596.0,-0.087912,-0.087912,2.44482,1.4289
632,600703,2005,11,151227.9,308352.48,0.036145,0.036145,2.44482,1.4728
633,600703,2005,12,140090.96,285644.35,-0.073643,-0.073643,2.44482,1.3253
634,600706,2007,1,234000.13,419200.52,0.170732,0.170732,2.946164,0.2997
635,600706,2007,2,273487.65,489940.6,0.16875,0.16875,2.946164,0.3625
636,600706,2007,3,337837.69,605220.75,0.235294,0.235294,2.946164,0.5569
637,600706,2007,4,367575.2,658494.15,0.088023,0.088023,2.946164,0.4104
638,600706,2007,5,499815.5,722247.56,0.096817,0.096817,2.946164,0.5545
639,600706,2007,6,304354.29,426187.19,-0.409915,-0.409915,2.946164,1.0901
640,600706,2007,7,374829.77,524873.98,0.231557,0.231557,2.946164,1.1879
641,600706,2007,8,547588.26,766787.61,0.460899,0.460899,2.946164,1.3412
642,600706,2007,9,687915.54,963287.85,0.256264,0.256264,2.946164,1.3451
643,600706,2007,10,533243.69,746700.92,-0.224841,-0.224841,2.946164,1.4676
644,600706,2007,11,510167.65,714387.55,-0.043275,-0.043275,2.946164,1.1467
645,600706,2007,12,633031.98,886434.43,0.240831,0.240831,2.946164,1.237
646,600706,2008,1,548211.93,767660.95,-0.13399,-0.13399,1.723596,1.2472
647,600706,2008,2,553825.03,775520.96,0.010239,0.010239,1.723596,1.2424
648,600706,2008,3,425971.27,596487.4,-0.230856,-0.230856,1.723596,1.191
649,600706,2008,4,402895.23,564174.03,-0.054173,-0.054173,1.723596,1.5689
650,600706,2008,5,422744.97,552820.68,-0.020124,-0.020124,1.723596,1.5347
651,600706,2008,6,364642.58,476840.59,-0.137441,-0.137441,1.723596,1.2523
652,600706,2008,7,419405.75,548454.01,0.15018299999999998,0.15018299999999998,1.723596,1.3382
653,600706,2008,8,300529.6,393000.48,-0.283439,-0.283439,1.723596,1.1598
654,600706,2008,9,243095.05,317893.73,-0.191111,-0.191111,1.723596,1.0129
655,600706,2008,10,207031.5,270733.67,-0.148352,-0.148352,1.723596,0.9558
656,600706,2008,11,225063.28,294313.7,0.08709700000000001,0.08709700000000001,1.723596,0.952
657,600706,2008,12,229070.34,299553.7,0.017804,0.017804,1.723596,0.8176
658,600735,2009,1,378915.35,702850.73,0.118227,0.118227,1.16068,1.2891
659,600735,2009,2,414803.8,769420.29,0.094714,0.094714,1.16068,1.2908
660,600735,2009,3,515792.26,956743.94,0.243461,0.243461,1.16068,1.3105
661,600735,2009,4,514123.02,953647.69,-0.003236,-0.003236,1.16068,1.3728
662,600735,2009,5,575049.94,1066661.13,0.118506,0.118506,1.16068,1.3731
663,600735,2009,6,584230.71,1083690.55,0.015965,0.015965,1.16068,1.1786
664,600735,2009,7,973161.44,1805118.83,0.665714,0.665714,1.16068,1.4815
665,600735,2009,8,879684.53,1631728.35,-0.096055,-0.096055,1.16068,1.1835
666,600735,2009,9,831276.84,1541936.84,-0.055028,-0.055028,1.16068,1.1547
667,600735,2009,10,991522.98,1839177.68,0.192771,0.192771,1.16068,1.0627
668,600735,2009,11,1182649.88,2193699.3,0.192761,0.192761,1.16068,1.0799
669,600735,2009,12,1157611.42,2147255.42,-0.021171,-0.021171,1.16068,1.1726
670,600766,2005,7,108383.83,308097.92,0.07142899999999999,0.07142899999999999,2.5193060000000003,0.9861
671,600766,2005,8,124039.27,352600.96,0.14444400000000002,0.14444400000000002,2.5193060000000003,1.1147
672,600766,2005,9,136081.92,386834.06,0.097087,0.097087,2.5193060000000003,1.2391
673,600766,2005,10,124039.27,352600.96,-0.088496,-0.088496,2.5193060000000003,1.172
674,600766,2005,11,110190.23,313232.89,-0.11165,-0.11165,2.5193060000000003,1.0681
675,600766,2005,12,127652.07,362870.89,0.15847,0.15847,2.5193060000000003,1.4137
676,600774,2010,1,1321577.32,1342484.72,-0.026582,-0.026582,1.437287,0.8881
677,600774,2010,2,1392038.52,1414060.63,0.053316,0.053316,1.437287,0.8804
678,600774,2010,3,1505463.89,1529280.38,0.081481,0.081481,1.437287,0.8235
679,600774,2010,4,1297517.39,1318044.16,-0.138128,-0.138128,1.437287,0.9236
680,600774,2010,5,1206433.39,1225519.21,-0.070199,-0.070199,1.437287,0.9222
681,600774,2010,6,1031139.65,1047452.32,-0.145299,-0.145299,1.437287,1.0499
682,600774,2010,7,1189247.73,1208061.67,0.153333,0.153333,1.437287,1.0499
683,600774,2010,8,1276894.6,1297095.12,0.073699,0.073699,1.437287,1.233
684,600774,2010,9,1483122.53,1506585.58,0.16150699999999998,0.16150699999999998,1.437287,1.1437
685,600774,2010,10,1520930.98,1544992.17,0.025492,0.025492,1.437287,1.0459
686,600774,2010,11,1572487.96,1597364.78,0.033898000000000005,0.033898000000000005,1.437287,0.8667
687,600774,2010,12,1610296.42,1635771.37,0.024044,0.024044,1.437287,0.9498
688,600792,2007,1,270997.65,698024.25,0.286047,0.286047,1.08572,1.4158
689,600792,2007,2,369497.7,951736.5,0.363472,0.363472,1.08572,1.6046
690,600792,2007,3,417522.6,1075437.0,0.129973,0.129973,1.08572,1.7014
691,600792,2007,4,489559.95,1260987.75,0.172535,0.172535,1.08572,1.2048
692,600792,2007,5,509161.95,1311477.75,0.04004,0.04004,1.08572,1.0537
693,600792,2007,6,308241.45,793955.25,-0.39461,-0.39461,1.08572,1.4296
694,600792,2007,7,534908.14,1220595.75,0.537361,0.537361,1.08572,1.5204
695,600792,2007,8,776086.99,1770936.75,0.450879,0.450879,1.08572,1.7912
696,600792,2007,9,845785.46,1929980.25,0.089808,0.089808,1.08572,1.7459
697,600792,2007,10,610138.24,1392261.75,-0.278613,-0.278613,1.08572,1.9944
698,600792,2007,11,687580.99,1568976.75,0.126927,0.126927,1.08572,1.2877
699,600792,2007,12,840253.84,1917357.75,0.222043,0.222043,1.08572,1.3869
700,600793,2007,1,243560.77,574938.0,0.112016,0.112016,1.190903,-0.2234
701,600793,2007,2,271217.86,640224.0,0.113553,0.113553,1.190903,-0.2068
702,600793,2007,3,325193.78,767637.0,0.199013,0.199013,1.190903,0.1972
703,600793,2007,4,510763.89,1205685.0,0.570645,0.570645,1.190903,1.1688
704,600793,2007,5,516116.87,1218321.0,0.01048,0.01048,1.190903,1.185
705,600793,2007,6,315379.97,744471.0,-0.388937,-0.388937,1.190903,1.5468
706,600793,2007,7,429576.97,1014039.0,0.362093,0.362093,1.190903,2.2345
707,600793,2007,8,496043.18,1170936.0,0.154725,0.154725,1.190903,2.3063
708,600793,2007,9,625267.19,1194102.0,0.019784,0.019784,1.190903,2.1787
709,600793,2007,10,473085.76,903474.0,-0.243386,-0.243386,1.190903,2.3321
710,600793,2007,11,528775.34,1009827.0,0.11771600000000003,0.11771600000000003,1.190903,1.4628
711,600793,2007,12,586119.07,1119339.0,0.108446,0.108446,1.190903,1.5119
712,600793,2008,1,637948.97,1218321.0,0.088429,0.088429,1.540897,1.2811
713,600793,2008,2,507271.44,968760.0,-0.20484,-0.20484,1.540897,1.3222
714,600793,2008,3,437245.93,835029.0,-0.138043,-0.138043,1.540897,1.1781
715,600793,2008,4,427872.43,817128.0,-0.021438,-0.021438,1.540897,0.7991
716,600793,2008,5,427321.05,816075.0,-0.001289,-0.001289,1.540897,0.7779
717,600793,2008,6,286718.64,547560.0,-0.329032,-0.329032,1.540897,0.8193
718,600793,2008,7,376042.52,718146.0,0.31153800000000004,0.31153800000000004,1.540897,0.6498
719,600793,2008,8,281756.2,538083.0,-0.250733,-0.250733,1.540897,0.6985
720,600793,2008,9,265299.53,425412.0,-0.209393,-0.209393,1.540897,0.7048
721,600793,2008,10,192407.83,308529.0,-0.274752,-0.274752,1.540897,0.8753
722,600793,2008,11,208168.19,333801.0,0.081911,0.081911,1.540897,0.9375
723,600793,2008,12,235748.84,378027.0,0.132492,0.132492,1.540897,1.0202
724,600807,2005,7,102316.5,171603.92,-0.042169,-0.042169,2.563205,1.7405
725,600807,2005,8,126126.0,211536.91,0.232704,0.232704,2.563205,1.9946
726,600807,2005,9,161518.5,270896.76,0.280612,0.280612,2.563205,1.9208
727,600807,2005,10,130630.5,219091.8,-0.191235,-0.191235,2.563205,1.9499
728,600807,2005,12,121621.5,203982.02,-0.068966,-0.068966,2.563205,1.6288
729,600873,2007,1,292298.65,474076.32,0.15872999999999998,0.15872999999999998,1.251342,0.6624
730,600873,2007,2,367041.69,595301.32,0.255708,0.255708,1.251342,0.7683
731,600873,2007,3,479823.59,778221.18,0.307273,0.307273,1.251342,0.9168
732,600873,2007,4,585932.0,950317.37,0.22114,0.22114,1.251342,0.8305
733,600873,2007,5,583929.96,947070.28,-0.002455,-0.002278,1.251342,0.8442
734,600873,2007,6,473548.94,616948.64,-0.348571,-0.348571,1.251342,1.2705
735,600873,2007,7,648014.34,844245.5,0.368421,0.368421,1.251342,1.4546
736,600873,2007,8,682076.64,888622.51,0.052564,0.052564,1.251342,1.4631
737,600873,2007,9,1011899.32,1318321.82,0.483557,0.483557,1.251342,1.1357
738,600873,2007,10,773463.27,1007682.77,-0.235632,-0.235632,1.251342,1.3537
739,600873,2007,11,692876.88,902693.27,-0.104189,-0.104189,1.251342,1.1872
740,600873,2007,12,847403.37,1104013.35,0.223022,0.223022,1.251342,1.2686
741,600976,2008,1,1074607.36,1351441.67,-0.110101,-0.110101,1.447255,0.7478
742,600976,2008,2,1229516.71,1546257.89,0.144154,0.144154,1.447255,0.7169
743,600976,2008,3,1045333.15,1314626.0,-0.149802,-0.149802,1.447255,0.7021
744,600976,2008,4,898962.12,1130547.68,-0.140023,-0.140023,1.447255,0.7243
745,600976,2008,5,972800.99,1096799.99,-0.029851,-0.029851,1.447255,0.6033
746,600976,2008,6,734702.84,828352.44,-0.24475500000000006,-0.24475500000000006,1.447255,0.6068
747,600976,2008,7,802730.88,905051.74,0.092593,0.092593,1.447255,0.5706
748,600976,2008,8,680280.41,766993.0,-0.152542,-0.152542,1.447255,0.7048
749,600976,2008,9,670756.48,756255.1,-0.014,-0.014,1.447255,0.6707
750,600976,2008,10,538782.08,607458.46,-0.196755,-0.196755,1.447255,0.7755
751,600976,2008,11,620415.73,699497.62,0.151515,0.151515,1.447255,0.8805
752,600976,2008,12,638103.02,719439.43,0.028509,0.028509,1.447255,0.9169
753,600992,2007,1,499016.0,881023.2,0.18847,0.18847,0.972696,1.2419
754,600992,2007,2,656355.0,1158808.5,0.315299,0.315299,0.972696,1.3543
755,600992,2007,3,767144.0,1354408.8,0.168794,0.168794,0.972696,1.4671
756,600992,2007,4,990584.0,1748896.8,0.291262,0.291262,0.972696,1.3126
757,600992,2007,5,914242.0,1614113.4,-0.077068,-0.077068,0.972696,1.2641
758,600992,2007,6,692664.0,1222912.8,-0.242363,-0.242363,0.972696,1.3638
759,600992,2007,7,988687.03,1512204.0,0.236559,0.236559,0.972696,1.3059
760,600992,2007,8,1088630.39,1665068.1,0.101087,0.101087,0.972696,1.2963
761,600992,2007,9,1119795.52,1712735.4,0.028628,0.028628,0.972696,1.2883
762,600992,2007,10,924207.44,1413582.0,-0.174664,-0.174664,0.972696,1.4286
763,600992,2007,11,870474.45,1331397.0,-0.05814,-0.05814,0.972696,1.1116
764,600992,2007,12,1049942.63,1605894.9,0.206173,0.206173,0.972696,1.1903
765,601798,2018,1,3173027.37,3173027.37,-0.053911,-0.053911,1.887874,0.5758
766,601798,2018,2,2800772.76,2800772.76,-0.117318,-0.117318,1.887874,0.6864
767,601798,2018,3,3027670.81,3027670.81,0.081013,0.081013,1.887874,0.2532
768,601798,2018,4,2020810.73,2020810.73,-0.33255300000000004,-0.33255300000000004,1.887874,0.7736
769,601798,2018,5,1769095.71,1769095.71,-0.124561,-0.124561,1.887874,0.7621
770,601798,2018,6,1637920.27,1637920.27,-0.074148,-0.074148,1.887874,0.5682
771,601798,2018,7,1733642.89,1733642.89,0.058442,0.058442,1.887874,0.9008
772,601798,2018,8,1705280.63,1705280.63,-0.01636,-0.01636,1.887874,0.5601
773,601798,2018,9,1655646.68,1655646.68,-0.029106,-0.029106,1.887874,0.5436
774,601798,2018,10,1531561.82,1531561.82,-0.074947,-0.074946,1.887874,0.4975
775,601798,2018,11,1620193.86,1620193.86,0.05787100000000001,0.05787000000000001,1.887874,0.5457
776,601798,2018,12,1744278.73,1744278.73,0.076587,0.076586,1.887874,0.3914
