,Stkcd,Trdmnt,Msmvosd,Msmvttl,Mretwd,Mretnd,Markettype,Trdmnt_year,Trdmnt_mon,bemeA
0,408,2007-1-1,225616.98,477971.18,0.184028,0.184028,4,2007,2007-01,1.001526
1,408,2007-2-1,276562.75,585900.15,0.225806,0.225806,4,2007,2007-02,1.001526
2,408,2007-3-1,368529.79,780732.98,0.332536,0.332536,4,2007,2007-03,1.001526
3,408,2007-4-1,553125.51,1171800.3,0.500898,0.500898,4,2007,2007-04,1.001526
4,408,2007-5-1,650385.61,1377846.53,0.175837,0.175837,4,2007,2007-05,1.001526
5,408,2007-6-1,477699.3,1012009.35,-0.265514,-0.265514,4,2007,2007-06,1.001526
6,408,2007-7-1,535261.4,1133955.08,0.120499,0.120499,4,2007,2007-07,1.001526
7,408,2007-8-1,623920.28,1321779.53,0.16563699999999998,0.16563699999999998,4,2007,2007-08,1.001526
8,408,2007-9-1,747645.72,1583892.75,0.198303,0.198303,4,2007,2007-09,1.001526
9,408,2007-10-1,618627.21,1310566.13,-0.172566,-0.172566,4,2007,2007-10,1.001526
10,408,2007-11-1,638110.65,1105921.58,-0.15615,-0.15615,4,2007,2007-11,1.001526
11,408,2007-12-1,711707.7,1233474.0,0.115336,0.115336,4,2007,2007-12,1.001526
12,411,2007-1-1,226415.86,646552.33,0.17364000000000002,0.17364000000000002,4,2007,2007-01,1.242497
13,411,2007-2-1,270811.13,773327.3,0.196078,0.196078,4,2007,2007-02,1.242497
14,411,2007-3-1,342247.15,977319.75,0.263785,0.263785,4,2007,2007-03,1.242497
15,411,2007-4-1,625973.27,1787527.03,0.829009,0.829009,4,2007,2007-04,1.242497
16,411,2007-5-1,586824.72,1675734.56,-0.06254,-0.06254,4,2007,2007-05,1.242497
17,411,2007-6-1,320453.11,915084.76,-0.45392,-0.45392,4,2007,2007-06,1.242497
18,411,2007-7-1,459289.22,1311544.66,0.433249,0.433249,4,2007,2007-07,1.242497
19,411,2007-8-1,568663.02,1623872.08,0.238137,0.238137,4,2007,2007-08,1.242497
20,411,2007-9-1,1241888.58,1786374.54,0.10007100000000001,0.10007100000000001,4,2007,2007-09,1.242497
21,411,2007-10-1,1148146.02,1651532.07,-0.07548400000000001,-0.07548400000000001,4,2007,2007-10,1.242497
22,411,2007-11-1,955853.6,1374932.14,-0.167481,-0.167481,4,2007,2007-11,1.242497
23,411,2007-12-1,1057608.34,1521299.6,0.106454,0.106454,4,2007,2007-12,1.242497
24,558,2006-1-1,159593.82,370239.42,-0.07602300000000001,-0.07602300000000001,4,2006,2006-01,1.9289439999999998
25,558,2006-2-1,182825.83,424135.03,0.14557,0.14557,4,2006,2006-02,1.9289439999999998
26,558,2006-3-1,174745.13,405388.73,-0.044199,-0.044199,4,2006,2006-03,1.9289439999999998
27,558,2006-4-1,153864.91,297597.51,-0.119076,-0.119075,4,2006,2006-04,1.9289439999999998
28,558,2006-5-1,190816.72,369067.77,0.240157,0.240157,4,2006,2006-05,1.9289439999999998
29,558,2006-6-1,190210.95,367896.13,-0.003175,-0.003175,4,2006,2006-06,1.9289439999999998
30,558,2006-7-1,231403.13,447567.9,0.216561,0.216561,4,2006,2006-07,1.9289439999999998
31,558,2006-8-1,252604.98,488575.44,0.091623,0.091623,4,2006,2006-08,1.9289439999999998
32,558,2006-9-1,279258.75,540127.76,0.10551600000000001,0.10551600000000001,4,2006,2006-09,1.9289439999999998
33,558,2006-10-1,255028.05,493262.01,-0.086768,-0.086768,4,2006,2006-10,1.9289439999999998
34,558,2006-11-1,295008.7,570590.5,0.15677,0.15677,4,2006,2006-11,1.9289439999999998
35,558,2006-12-1,296826.0,574105.43,0.0061600000000000005,0.0061600000000000005,4,2006,2006-12,1.9289439999999998
36,587,2006-1-1,142774.69,317566.8,-0.118557,-0.118557,4,2006,2006-01,1.9157509999999998
37,587,2006-2-1,164483.12,365851.81,0.15204700000000002,0.15204700000000002,4,2006,2006-02,1.9157509999999998
38,587,2006-3-1,136930.11,304566.99,-0.16751300000000002,-0.16751300000000002,4,2006,2006-03,1.9157509999999998
39,587,2006-4-1,121066.26,269281.79,-0.115854,-0.115854,4,2006,2006-04,1.9157509999999998
40,587,2006-5-1,161143.37,358423.35,0.331034,0.331034,4,2006,2006-05,1.9157509999999998
41,587,2006-6-1,172832.52,384422.97,0.07253899999999999,0.07253899999999999,4,2006,2006-06,1.9157509999999998
42,587,2006-7-1,169492.76,376994.5,-0.019324,-0.019324,4,2006,2006-07,1.9157509999999998
43,587,2006-8-1,188696.38,419708.17,0.1133,0.1133,4,2006,2006-08,1.9157509999999998
44,587,2006-9-1,213744.57,475421.64,0.132743,0.132743,4,2006,2006-09,1.9157509999999998
45,587,2006-10-1,217084.33,482850.1,0.015625,0.015625,4,2006,2006-10,1.9157509999999998
46,587,2006-11-1,184521.68,410422.59,-0.15,-0.15,4,2006,2006-11,1.9157509999999998
47,587,2006-12-1,212074.69,471707.41,0.149321,0.149321,4,2006,2006-12,1.9157509999999998
48,615,2008-1-1,1274594.75,1881811.34,-0.11010999999999999,-0.11010999999999999,4,2008,2008-01,1.708881
49,615,2008-2-1,1502600.9,2116773.16,0.124859,0.124859,4,2008,2008-02,1.708881
50,615,2008-3-1,1202080.72,1693418.53,-0.2,-0.2,4,2008,2008-03,1.708881
51,615,2008-4-1,943633.37,1329333.54,-0.215,-0.215,4,2008,2008-04,1.708881
52,615,2008-5-1,842959.1,1187509.74,-0.106688,-0.106688,4,2008,2008-05,1.708881
53,615,2008-6-1,584511.75,823424.76,-0.306595,-0.306595,4,2008,2008-06,1.708881
54,615,2008-7-1,641610.58,903862.14,0.097686,0.097686,4,2008,2008-07,1.708881
55,615,2008-8-1,536428.52,755688.02,-0.163934,-0.163934,4,2008,2008-08,1.708881
56,615,2008-9-1,500366.1,704885.46,-0.067227,-0.067227,4,2008,2008-09,1.708881
57,615,2008-10-1,402697.04,567295.21,-0.195195,-0.195195,4,2008,2008-10,1.708881
58,615,2008-11-1,458293.27,645615.81,0.13806,0.13806,4,2008,2008-11,1.708881
59,615,2008-12-1,465806.28,656199.68,0.016393,0.016393,4,2008,2008-12,1.708881
60,622,2005-7-1,69234.51,148829.1,-0.086957,-0.086957,4,2005,2005-07,2.914688
61,622,2005-8-1,85718.91,184264.6,0.23809499999999997,0.23809499999999997,4,2005,2005-08,2.914688
62,622,2005-9-1,93631.43,201273.64,0.092308,0.092308,4,2005,2005-09,2.914688
63,622,2005-10-1,81762.66,175760.08,-0.12676099999999998,-0.12676099999999998,4,2005,2005-10,2.914688
64,622,2005-12-1,78465.77,168672.98,-0.040323000000000005,-0.040323000000000005,4,2005,2005-12,2.914688
65,650,2005-7-1,78191.57,238121.86,-0.070313,-0.070313,4,2005,2005-07,2.42788
66,650,2005-8-1,99874.94,304155.65,0.27731100000000003,0.27731100000000003,4,2005,2005-08,2.42788
67,650,2005-9-1,111702.24,340174.08,0.118421,0.118421,4,2005,2005-09,2.42788
68,650,2005-10-1,93961.3,286146.43,-0.158824,-0.158824,4,2005,2005-10,2.42788
69,650,2005-11-1,91333.01,278142.34,-0.027972000000000004,-0.027972000000000004,4,2005,2005-11,2.42788
70,650,2005-12-1,90018.86,274140.29,-0.014388,-0.014388,4,2005,2005-12,2.42788
71,691,2005-7-1,156216.0,309816.0,-0.09774400000000001,-0.09774400000000001,4,2005,2005-07,2.535244
72,691,2005-8-1,217400.6,431160.6,0.391667,0.391667,4,2005,2005-08,2.535244
73,691,2005-9-1,253851.0,503451.0,0.167665,0.167665,4,2005,2005-09,2.535244
74,691,2005-10-1,222607.8,441487.8,-0.12307699999999999,-0.12307699999999999,4,2005,2005-10,2.535244
75,691,2005-11-1,182252.0,361452.0,-0.18128699999999998,-0.18128699999999998,4,2005,2005-11,2.535244
76,691,2005-12-1,180950.2,358870.2,-0.007143000000000001,-0.007143000000000001,4,2005,2005-12,2.535244
77,705,2007-1-1,458736.29,592807.87,0.167901,0.167901,4,2007,2007-01,1.0493540000000001
78,705,2007-2-1,535353.98,691818.07,0.167019,0.167019,4,2007,2007-02,1.0493540000000001
79,705,2007-3-1,640097.15,827173.78,0.195652,0.195652,4,2007,2007-03,1.0493540000000001
80,705,2007-4-1,882558.19,1140497.18,0.378788,0.378788,4,2007,2007-04,1.0493540000000001
81,705,2007-5-1,886437.56,1145510.35,0.004396,0.004396,4,2007,2007-05,1.0493540000000001
82,705,2007-6-1,638157.46,824667.19,-0.27642,-0.27571100000000004,4,2007,2007-06,1.0493540000000001
83,705,2007-7-1,744464.03,939970.2,0.139818,0.139818,4,2007,2007-07,1.0493540000000001
84,705,2007-8-1,841740.66,1062792.97,0.130667,0.130667,4,2007,2007-08,1.0493540000000001
85,705,2007-9-1,890378.97,1124204.36,0.057783,0.057783,4,2007,2007-09,1.0493540000000001
86,705,2007-10-1,712700.23,899864.8,-0.199554,-0.199554,4,2007,2007-10,1.0493540000000001
87,705,2007-11-1,764316.4,965036.07,0.072423,0.072423,4,2007,2007-11,1.0493540000000001
88,705,2007-12-1,861593.03,1087858.84,0.127273,0.127273,4,2007,2007-12,1.0493540000000001
89,719,2005-7-1,113093.76,297564.08,-0.118774,-0.118774,4,2005,2005-07,2.391398
90,719,2005-8-1,140629.63,370014.47,0.24347800000000003,0.24347800000000003,4,2005,2005-08,2.391398
91,719,2005-9-1,134729.09,354489.39,-0.041957999999999995,-0.041957999999999995,4,2005,2005-09,2.391398
92,719,2005-10-1,133253.95,350608.11,-0.010948999999999999,-0.010948999999999999,4,2005,2005-10,2.391398
93,719,2005-11-1,104734.66,275570.22,-0.214022,-0.214022,4,2005,2005-11,2.391398
94,719,2005-12-1,111126.91,292389.05,0.061033000000000004,0.061033000000000004,4,2005,2005-12,2.391398
95,810,2008-1-1,803003.25,1588405.05,0.09082799999999999,0.09082799999999999,4,2008,2008-01,1.6024639999999999
96,810,2008-2-1,801036.71,1584515.07,-0.002449,-0.002449,4,2008,2008-02,1.6024639999999999
97,810,2008-3-1,599794.27,1186441.32,-0.251227,-0.251227,4,2008,2008-03,1.6024639999999999
98,810,2008-4-1,485735.03,960822.97,-0.190164,-0.190164,4,2008,2008-04,1.6024639999999999
99,810,2008-5-1,452959.39,895990.11,-0.067476,-0.067476,4,2008,2008-05,1.6024639999999999
100,810,2008-6-1,342177.71,676855.05,-0.244573,-0.244573,4,2008,2008-06,1.6024639999999999
101,810,2008-7-1,380197.46,752061.16,0.11111099999999999,0.11111099999999999,4,2008,2008-07,1.6024639999999999
102,810,2008-8-1,318579.25,630175.39,-0.16206900000000002,-0.16206900000000002,4,2008,2008-08,1.6024639999999999
103,810,2008-9-1,315957.2,624988.76,-0.00823,-0.00823,4,2008,2008-09,1.6024639999999999
104,810,2008-10-1,246472.84,487543.1,-0.219917,-0.219917,4,2008,2008-10,1.6024639999999999
105,810,2008-11-1,256961.04,508289.61,0.042553,0.042553,4,2008,2008-11,1.6024639999999999
106,810,2008-12-1,332050.32,562749.22,0.107143,0.107143,4,2008,2008-12,1.6024639999999999
107,810,2009-1-1,362654.03,614615.5,0.092166,0.092166,4,2009,2009-01,1.079078
108,810,2009-2-1,409324.7,693711.59,0.128692,0.128692,4,2009,2009-02,1.079078
109,810,2009-3-1,474357.6,803927.45,0.158879,0.158879,4,2009,2009-03,1.079078
110,810,2009-4-1,550866.89,933593.17,0.16129000000000002,0.16129000000000002,4,2009,2009-04,1.079078
111,810,2009-5-1,537860.31,911550.0,-0.023611,-0.023611,4,2009,2009-05,1.079078
112,810,2009-6-1,569994.21,966009.6,0.059744000000000005,0.059744000000000005,4,2009,2009-06,1.079078
113,810,2009-7-1,719187.33,1218857.75,0.261745,0.261745,4,2009,2009-07,1.079078
114,810,2009-8-1,606718.67,1028249.14,-0.156383,-0.156383,4,2009,2009-08,1.079078
115,810,2009-9-1,625080.9,1059368.92,0.030264999999999997,0.030264999999999997,4,2009,2009-09,1.079078
116,810,2009-10-1,732193.91,1240900.92,0.17135899999999998,0.17135899999999998,4,2009,2009-10,1.079078
117,810,2009-11-1,792636.24,1343336.84,0.08255,0.08255,4,2009,2009-11,1.079078
118,810,2009-12-1,1392609.81,1392609.81,0.036680000000000004,0.036680000000000004,4,2009,2009-12,1.079078
119,863,2006-1-1,63960.0,222417.23,-0.078652,-0.078652,4,2006,2006-01,2.448473
120,863,2006-2-1,71760.0,249541.28,0.121951,0.121951,4,2006,2006-02,2.448473
121,863,2006-3-1,65130.0,226485.84,-0.092391,-0.092391,4,2006,2006-03,2.448473
122,863,2006-4-1,56940.0,198005.58,-0.125749,-0.125749,4,2006,2006-04,2.448473
123,863,2006-5-1,75660.0,263103.31,0.32876700000000003,0.32876700000000003,4,2006,2006-05,2.448473
124,863,2006-6-1,73710.0,256322.3,-0.025773,-0.025773,4,2006,2006-06,2.448473
125,863,2006-7-1,76830.0,267171.92,0.042328,0.042328,4,2006,2006-07,2.448473
126,863,2006-8-1,74880.0,260390.9,-0.025381,-0.025381,4,2006,2006-08,2.448473
127,863,2006-9-1,101790.0,353968.88,0.359375,0.359375,4,2006,2006-09,2.448473
128,863,2006-10-1,89700.0,311926.6,-0.118774,-0.118774,4,2006,2006-10,2.448473
129,863,2006-11-1,81510.0,283446.35,-0.091304,-0.091304,4,2006,2006-11,2.448473
130,863,2006-12-1,101790.0,353968.88,0.248804,0.248804,4,2006,2006-12,2.448473
131,979,2006-1-1,108000.0,253800.0,-0.068966,-0.068966,4,2006,2006-01,2.4804180000000002
132,979,2006-2-1,114000.0,267900.0,0.055555999999999994,0.055555999999999994,4,2006,2006-02,2.4804180000000002
133,979,2006-3-1,107600.0,252860.0,-0.056139999999999995,-0.056139999999999995,4,2006,2006-03,2.4804180000000002
134,979,2006-4-1,84000.0,197400.0,-0.219331,-0.219331,4,2006,2006-04,2.4804180000000002
135,979,2006-5-1,111600.0,262260.0,0.328571,0.328571,4,2006,2006-05,2.4804180000000002
136,979,2006-6-1,124800.0,293280.0,0.11828,0.11828,4,2006,2006-06,2.4804180000000002
137,979,2006-7-1,151600.0,356260.0,0.21474400000000002,0.21474400000000002,4,2006,2006-07,2.4804180000000002
138,979,2006-8-1,147676.0,261640.0,-0.025727,-0.025726,4,2006,2006-08,2.4804180000000002
139,979,2006-9-1,174971.56,310000.0,0.184834,0.184834,4,2006,2006-09,2.4804180000000002
140,979,2006-10-1,160273.95,283960.0,-0.084,-0.084,4,2006,2006-10,2.4804180000000002
141,979,2006-11-1,141377.02,250480.0,-0.117904,-0.117904,4,2006,2006-11,2.4804180000000002
142,979,2006-12-1,202967.01,359600.0,0.435644,0.435644,4,2006,2006-12,2.4804180000000002
143,979,2007-1-1,193868.49,343480.0,-0.044828,-0.044828,4,2007,2007-01,1.3992209999999998
144,979,2007-2-1,252658.94,447640.0,0.303249,0.303249,4,2007,2007-02,1.3992209999999998
145,979,2007-3-1,299551.32,530720.0,0.185596,0.185596,4,2007,2007-03,1.3992209999999998
146,979,2007-4-1,409433.46,725400.0,0.366822,0.366822,4,2007,2007-04,1.3992209999999998
147,979,2007-5-1,529813.89,938680.0,0.29401700000000003,0.29401700000000003,4,2007,2007-05,1.3992209999999998
148,979,2007-6-1,286253.48,507160.0,-0.45970900000000003,-0.45970900000000003,4,2007,2007-06,1.3992209999999998
149,979,2007-7-1,381438.01,675800.0,0.332518,0.332518,4,2007,2007-07,1.3992209999999998
150,979,2007-8-1,513626.64,729120.0,0.078899,0.078899,4,2007,2007-08,1.3992209999999998
151,2006,2007-1-1,318131.89,550080.0,0.132411,0.132411,4,2007,2007-01,1.555259
152,2006,2007-2-1,398636.47,689280.0,0.253054,0.253054,4,2007,2007-02,1.555259
153,2006,2007-3-1,451380.85,780480.0,0.13231199999999999,0.13231199999999999,4,2007,2007-03,1.555259
154,2006,2007-4-1,565752.88,978240.0,0.25338299999999997,0.25338299999999997,4,2007,2007-04,1.555259
155,2006,2007-5-1,560200.84,968640.0,-0.009814,-0.009814,4,2007,2007-05,1.555259
156,2006,2007-6-1,399746.88,691200.0,-0.28642199999999995,-0.28642199999999995,4,2007,2007-06,1.555259
157,2006,2007-7-1,516339.72,892800.0,0.291667,0.291667,4,2007,2007-07,1.555259
158,2006,2007-8-1,956061.29,1653120.0,0.851613,0.851613,4,2007,2007-08,1.555259
159,2006,2007-9-1,1024906.58,1772160.0,0.072009,0.072009,4,2007,2007-09,1.555259
160,2006,2007-10-1,773954.38,1338240.0,-0.244854,-0.244854,4,2007,2007-10,1.555259
161,2006,2007-11-1,834471.61,1442880.0,0.078192,0.078192,4,2007,2007-11,1.555259
162,2006,2007-12-1,963278.94,1665600.0,0.154358,0.154358,4,2007,2007-12,1.555259
163,2020,2007-1-1,237512.35,662106.0,0.11452999999999999,0.11452999999999999,4,2007,2007-01,1.096834
164,2020,2007-2-1,269569.23,751470.0,0.134969,0.134969,4,2007,2007-02,1.096834
165,2020,2007-3-1,389782.53,1086585.0,0.445946,0.445946,4,2007,2007-03,1.096834
166,2020,2007-4-1,402532.43,1122127.5,0.03271,0.03271,4,2007,2007-04,1.096834
167,2020,2007-5-1,388689.68,1083538.5,-0.034388999999999996,-0.034388999999999996,4,2007,2007-05,1.096834
168,2020,2007-6-1,368607.84,850989.0,-0.21461999999999998,-0.21461999999999998,4,2007,2007-06,1.096834
169,2020,2007-7-1,438106.7,1011438.0,0.18854400000000002,0.18854400000000002,4,2007,2007-07,1.096834
170,2020,2007-8-1,455261.48,1051042.5,0.039157,0.039157,4,2007,2007-08,1.096834
171,2020,2007-9-1,473295.99,1092678.0,0.039613999999999996,0.039613999999999996,4,2007,2007-09,1.096834
172,2020,2007-10-1,470216.93,1085569.5,-0.0065060000000000005,-0.0065060000000000005,4,2007,2007-10,1.096834
173,2020,2007-11-1,469777.06,1084554.0,-0.000935,-0.000935,4,2007,2007-11,1.096834
174,2020,2007-12-1,585021.99,1350615.0,0.24531799999999998,0.24531799999999998,4,2007,2007-12,1.096834
175,2020,2008-1-1,484732.51,1119081.0,-0.171429,-0.171429,4,2008,2008-01,1.8386919999999998
176,2020,2008-2-1,534877.25,1234848.0,0.103448,0.103448,4,2008,2008-02,1.8386919999999998
177,2020,2008-3-1,417872.85,964725.0,-0.21875,-0.21875,4,2008,2008-03,1.8386919999999998
178,2020,2008-4-1,355411.86,820524.0,-0.149474,-0.149474,4,2008,2008-04,1.8386919999999998
179,2020,2008-5-1,356291.59,822555.0,0.002475,0.002475,4,2008,2008-05,1.8386919999999998
180,2020,2008-6-1,269765.98,599145.0,-0.27160500000000004,-0.27160500000000004,4,2008,2008-06,1.8386919999999998
181,2020,2008-7-1,296285.34,658044.0,0.09830499999999999,0.09830499999999999,4,2008,2008-07,1.8386919999999998
182,2020,2008-8-1,253305.68,562587.0,-0.145062,-0.145062,4,2008,2008-08,1.8386919999999998
183,2020,2008-9-1,204839.25,454944.0,-0.19133599999999998,-0.19133599999999998,4,2008,2008-09,1.8386919999999998
184,2020,2008-10-1,177405.42,394014.0,-0.133929,-0.133929,4,2008,2008-10,1.8386919999999998
185,2020,2008-11-1,212612.17,472207.5,0.198454,0.198454,4,2008,2008-11,1.8386919999999998
186,2020,2008-12-1,253762.91,563602.5,0.193548,0.193548,4,2008,2008-12,1.8386919999999998
187,2020,2009-1-1,277538.9,616408.5,0.093694,0.093694,4,2009,2009-01,1.241882
188,2020,2009-2-1,469006.64,599145.0,-0.028007,-0.028007,4,2009,2009-02,1.241882
189,2020,2009-3-1,556448.55,710850.0,0.186441,0.186441,4,2009,2009-03,1.241882
190,2020,2009-4-1,585860.83,748423.5,0.05285700000000001,0.05285700000000001,4,2009,2009-04,1.241882
191,2020,2009-5-1,622427.45,795136.5,0.062415,0.062415,4,2009,2009-05,1.241882
192,2020,2009-6-1,658199.14,840834.0,0.057471,0.057471,4,2009,2009-06,1.241882
193,2020,2009-7-1,690791.13,882469.5,0.049517,0.049517,4,2009,2009-07,1.241882
194,2020,2009-8-1,588245.61,751470.0,-0.148446,-0.148446,4,2009,2009-08,1.241882
195,2020,2009-9-1,630376.71,805291.5,0.071622,0.071622,4,2009,2009-09,1.241882
196,2020,2009-10-1,709869.36,906841.5,0.126103,0.126103,4,2009,2009-10,1.241882
197,2020,2009-11-1,856930.77,1094709.0,0.20716700000000002,0.20716700000000002,4,2009,2009-11,1.241882
198,2020,2009-12-1,845801.8,1080492.0,-0.012987,-0.012987,4,2009,2009-12,1.241882
199,2034,2007-1-1,409791.06,652204.8,0.142045,0.142045,4,2007,2007-01,1.375006
200,2034,2007-2-1,441901.55,703310.4,0.07835800000000001,0.07835800000000001,4,2007,2007-02,1.375006
201,2034,2007-3-1,529058.6,842025.6,0.197232,0.197232,4,2007,2007-03,1.375006
202,2034,2007-4-1,566266.0,901243.2,0.070328,0.070328,4,2007,2007-04,1.375006
203,2034,2007-5-1,542820.24,863928.0,-0.041404,-0.041404,4,2007,2007-05,1.375006
204,2034,2007-6-1,408771.68,650582.4,-0.230398,-0.228169,4,2007,2007-06,1.375006
205,2034,2007-7-1,534155.51,850137.6,0.306733,0.306733,4,2007,2007-07,1.375006
206,2034,2007-8-1,570853.21,908544.0,0.068702,0.068702,4,2007,2007-08,1.375006
207,2034,2007-9-1,588692.38,936936.0,0.03125,0.03125,4,2007,2007-09,1.375006
208,2034,2007-10-1,621840.34,889075.2,-0.051082,-0.051082,4,2007,2007-10,1.375006
209,2034,2007-11-1,592904.34,847704.0,-0.046533,-0.046533,4,2007,2007-11,1.375006
210,2034,2007-12-1,706946.22,1010755.2,0.19234400000000001,0.19234400000000001,4,2007,2007-12,1.375006
211,2034,2009-1-1,429936.0,429936.0,0.086066,0.086066,4,2009,2009-01,1.735766
212,2034,2009-2-1,541881.6,541881.6,0.260377,0.260377,4,2009,2009-02,1.735766
213,2034,2009-3-1,564595.2,564595.2,0.041916,0.041916,4,2009,2009-03,1.735766
214,2034,2009-4-1,588931.2,588931.2,0.043102999999999995,0.043102999999999995,4,2009,2009-04,1.735766
215,2034,2009-5-1,638414.4,638414.4,0.084022,0.084022,4,2009,2009-05,1.735766
216,2034,2009-6-1,739814.4,739814.4,0.158831,0.158831,4,2009,2009-06,1.735766
217,2034,2009-7-1,728457.6,728457.6,-0.015350999999999998,-0.015350999999999998,4,2009,2009-07,1.735766
218,2034,2009-8-1,661939.2,661939.2,-0.09131399999999999,-0.09131399999999999,4,2009,2009-08,1.735766
219,2034,2009-9-1,701688.0,701688.0,0.060049,0.060049,4,2009,2009-09,1.735766
220,2034,2009-10-1,937747.2,937747.2,0.336416,0.336416,4,2009,2009-10,1.735766
221,2034,2009-11-1,1013188.8,1013188.8,0.08045,0.08045,4,2009,2009-11,1.735766
222,2034,2009-12-1,1071595.2,1071595.2,0.057646,0.057646,4,2009,2009-12,1.735766
223,2034,2010-1-1,1022112.0,1022112.0,-0.046176999999999996,-0.046176999999999996,4,2010,2010-01,1.522982
224,2034,2010-2-1,1038336.0,1038336.0,0.015872999999999998,0.015872999999999998,4,2010,2010-02,1.522982
225,2034,2010-3-1,1155960.0,1155960.0,0.11328099999999999,0.11328099999999999,4,2010,2010-03,1.522982
226,2034,2010-4-1,989664.0,989664.0,-0.14386,-0.14386,4,2010,2010-04,1.522982
227,2034,2010-5-1,936124.8,936124.8,-0.054098,-0.054098,4,2010,2010-05,1.522982
228,2034,2010-6-1,786864.0,786864.0,-0.159445,-0.159445,4,2010,2010-06,1.522982
229,2034,2010-7-1,932880.0,932880.0,0.185567,0.185567,4,2010,2010-07,1.522982
230,2034,2010-8-1,1095120.0,1095120.0,0.173913,0.173913,4,2010,2010-08,1.522982
231,2034,2010-9-1,1019678.4,1019678.4,-0.06888899999999999,-0.06888899999999999,4,2010,2010-09,1.522982
232,2034,2010-10-1,1066728.0,1066728.0,0.046142,0.046142,4,2010,2010-10,1.522982
233,2034,2010-11-1,1052937.6,1052937.6,-0.012928,-0.012928,4,2010,2010-11,1.522982
234,2034,2010-12-1,833448.56,1144603.2,0.08705700000000001,0.08705700000000001,4,2010,2010-12,1.522982
235,2043,2007-1-1,388265.28,793000.0,0.14841,0.14841,4,2007,2007-01,0.9333370000000001
236,2043,2007-2-1,437246.44,893040.0,0.126154,0.126154,4,2007,2007-02,0.9333370000000001
237,2043,2007-3-1,523859.46,1069940.0,0.19808699999999999,0.19808699999999999,4,2007,2007-03,0.9333370000000001
238,2043,2007-4-1,597331.2,1220000.0,0.140251,0.140251,4,2007,2007-04,0.9333370000000001
239,2043,2007-5-1,618237.79,1262700.0,0.062261000000000004,0.065,4,2007,2007-05,0.9333370000000001
240,2043,2007-6-1,476670.3,973560.0,-0.22898600000000002,-0.22898600000000002,4,2007,2007-06,0.9333370000000001
241,2043,2007-7-1,606291.17,1238300.0,0.27193,0.27193,4,2007,2007-07,0.9333370000000001
242,2043,2007-8-1,685138.89,1399340.0,0.130049,0.130049,4,2007,2007-08,0.9333370000000001
243,2043,2007-9-1,643923.03,1315160.0,-0.060157,-0.060157,4,2007,2007-09,0.9333370000000001
244,2043,2007-10-1,592552.55,1210240.0,-0.079777,-0.079777,4,2007,2007-10,0.9333370000000001
245,2043,2007-11-1,787816.03,1123620.0,-0.071573,-0.071573,4,2007,2007-11,0.9333370000000001
246,2043,2007-12-1,975146.88,1390800.0,0.237785,0.237785,4,2007,2007-12,0.9333370000000001
247,2102,2009-1-1,395692.62,799690.67,0.03304,0.03304,4,2009,2009-01,1.145866
248,2102,2009-2-1,399911.09,808216.15,0.010661,0.010661,4,2009,2009-02,1.145866
249,2102,2009-3-1,523934.15,1058865.47,0.310127,0.310127,4,2009,2009-03,1.145866
250,2102,2009-4-1,508747.65,1028173.71,-0.028986,-0.028986,4,2009,2009-04,1.145866
251,2102,2009-5-1,578774.28,1169696.8,0.13764500000000002,0.13764500000000002,4,2009,2009-05,1.145866
252,2102,2009-6-1,566962.56,1145825.43,-0.020408000000000003,-0.020408000000000003,4,2009,2009-06,1.145866
253,2102,2009-7-1,585523.83,1183337.57,0.040052,0.040179,4,2009,2009-07,1.145866
254,2102,2009-8-1,471625.1,953149.43,-0.194524,-0.194524,4,2009,2009-08,1.145866
255,2102,2009-9-1,478374.66,966790.21,0.014311,0.014311,4,2009,2009-09,1.145866
256,2102,2009-10-1,545026.5,1101492.9,0.13932999999999998,0.13932999999999998,4,2009,2009-10,1.145866
257,2102,2009-11-1,618427.91,1249836.37,0.134675,0.134675,4,2009,2009-11,1.145866
258,2102,2009-12-1,715452.75,1445922.57,0.156889,0.156889,4,2009,2009-12,1.145866
259,2112,2009-1-1,607554.17,931200.0,-0.016061000000000002,-0.016061000000000002,4,2009,2009-01,1.0930950000000001
260,2112,2009-2-1,528217.2,809600.0,-0.130584,-0.130584,4,2009,2009-02,1.0930950000000001
261,2112,2009-3-1,649310.47,995200.0,0.22924899999999998,0.22924899999999998,4,2009,2009-03,1.0930950000000001
262,2112,2009-4-1,733866.97,1124800.0,0.130225,0.130225,4,2009,2009-04,1.0930950000000001
263,2112,2009-5-1,759964.66,1164800.0,0.037754,0.037696,4,2009,2009-05,1.0930950000000001
264,2112,2009-6-1,730735.25,1120000.0,-0.038462,-0.038462,4,2009,2009-06,1.0930950000000001
265,2112,2009-7-1,830845.98,1273440.0,0.13699999999999998,0.13699999999999998,4,2009,2009-07,1.0930950000000001
266,2112,2009-8-1,841807.01,1290240.0,0.013193,0.013193,4,2009,2009-08,1.0930950000000001
267,2112,2009-9-1,832307.45,1275680.0,-0.011285,-0.011285,4,2009,2009-09,1.0930950000000001
268,2112,2009-10-1,950686.56,1457120.0,0.14223,0.14223,4,2009,2009-10,1.0930950000000001
269,2112,2009-11-1,992338.47,1520960.0,0.043812000000000004,0.043812000000000004,4,2009,2009-11,1.0930950000000001
270,2112,2009-12-1,1078565.23,1653120.0,0.086892,0.086892,4,2009,2009-12,1.0930950000000001
271,2112,2012-1-1,752822.61,828800.0,-0.05128200000000001,-0.05128200000000001,4,2012,2012-01,1.5949959999999999
272,2112,2012-2-1,834208.84,918400.0,0.108108,0.108108,4,2012,2012-02,1.5949959999999999
273,2112,2012-4-1,908473.77,1000160.0,0.089024,0.089024,4,2012,2012-04,1.5949959999999999
274,2112,2012-5-1,867780.66,955360.0,-0.044793,-0.044793,4,2012,2012-05,1.5949959999999999
275,2112,2012-6-1,714164.15,786240.0,-0.177022,-0.177022,4,2012,2012-06,1.5949959999999999
276,2112,2012-7-1,637073.73,686560.0,-0.126781,-0.126781,4,2012,2012-07,1.5949959999999999
277,2112,2012-8-1,675526.79,728000.0,0.060359,0.060359,4,2012,2012-08,1.5949959999999999
278,2112,2012-9-1,739961.66,797440.0,0.095385,0.095385,4,2012,2012-09,1.5949959999999999
279,2112,2012-11-1,693194.42,747040.0,-0.063202,-0.063202,4,2012,2012-11,1.5949959999999999
280,2112,2012-12-1,762825.64,822080.0,0.10045,0.10045,4,2012,2012-12,1.5949959999999999
281,2143,2011-1-1,662218.39,1500675.0,-0.089581,-0.089581,4,2011,2011-01,1.0947719999999999
282,2143,2011-2-1,705421.94,1598580.0,0.065241,0.065241,4,2011,2011-02,1.0947719999999999
283,2143,2011-3-1,748625.49,1696485.0,0.06124500000000001,0.06124500000000001,4,2011,2011-03,1.0947719999999999
284,2143,2011-4-1,731627.37,1657965.0,-0.022706,-0.022706,4,2011,2011-04,1.0947719999999999
285,2143,2011-5-1,655135.84,1484625.0,-0.10455,-0.10455,4,2011,2011-05,1.0947719999999999
286,2143,2011-6-1,679048.38,1510305.0,0.017297,0.017297,4,2011,2011-06,1.0947719999999999
287,2143,2011-7-1,676161.88,1503885.0,-0.004251,-0.004251,4,2011,2011-07,1.0947719999999999
288,2143,2011-8-1,637915.8,1418820.0,-0.056563999999999996,-0.056563999999999996,4,2011,2011-08,1.0947719999999999
289,2143,2011-9-1,610494.08,1357830.0,-0.042986,-0.042986,4,2011,2011-09,1.0947719999999999
290,2143,2011-10-1,673275.39,1497465.0,0.10283699999999998,0.10283699999999998,4,2011,2011-10,1.0947719999999999
291,2143,2011-11-1,671110.52,1492650.0,-0.003215,-0.003215,4,2011,2011-11,1.0947719999999999
292,2143,2011-12-1,549877.65,1223010.0,-0.180645,-0.180645,4,2011,2011-12,1.0947719999999999
293,2205,2018-1-1,1893277.89,1893277.89,-0.07961599999999999,-0.07961599999999999,4,2018,2018-01,2.0300830000000003
294,2205,2018-2-1,1817779.08,1817779.08,-0.039876999999999996,-0.039876999999999996,4,2018,2018-02,2.0300830000000003
295,2205,2018-3-1,2003622.31,2003622.31,0.10223600000000001,0.10223600000000001,4,2018,2018-03,2.0300830000000003
296,2205,2018-4-1,1706273.14,1706273.14,-0.14840599999999998,-0.14840599999999998,4,2018,2018-04,2.0300830000000003
297,2205,2018-5-1,1620320.65,1620320.65,-0.050374,-0.050374,4,2018,2018-05,2.0300830000000003
298,2205,2018-6-1,1386855.09,1386855.09,-0.144086,-0.144086,4,2018,2018-06,2.0300830000000003
299,2205,2018-7-1,1611028.49,1611028.49,0.165822,0.165159,4,2018,2018-07,2.0300830000000003
300,2205,2018-8-1,1444931.1,1444931.1,-0.1031,-0.1031,4,2018,2018-08,2.0300830000000003
301,2205,2018-9-1,1372916.85,1372916.85,-0.049839,-0.049839,4,2018,2018-09,2.0300830000000003
302,2205,2018-10-1,1317163.88,1317163.88,-0.040609,-0.040609,4,2018,2018-10,2.0300830000000003
303,2205,2018-11-1,1475130.63,1475130.63,0.119929,0.119929,4,2018,2018-11,2.0300830000000003
304,2205,2018-12-1,1358978.61,1358978.61,-0.07874,-0.07874,4,2018,2018-12,2.0300830000000003
305,2607,2015-1-1,1603230.0,2298067.2,0.014544999999999999,0.014544999999999999,4,2015,2015-01,0.912902
306,2607,2015-2-1,1840745.56,2638521.6,0.148148,0.148148,4,2015,2015-02,0.912902
307,2607,2015-3-1,2197018.89,3149203.2,0.193548,0.193548,4,2015,2015-03,0.912902
308,2607,2015-6-1,2645077.75,3787006.08,0.20252799999999999,0.20252799999999999,4,2015,2015-06,0.912902
309,2607,2015-7-1,1877232.37,2687667.84,-0.290292,-0.290292,4,2015,2015-07,0.912902
310,2607,2015-8-1,2153955.87,3083857.92,0.14740999999999999,0.14740999999999999,4,2015,2015-08,0.912902
311,2607,2015-9-1,2283592.1,3269460.48,0.060185,0.060185,4,2015,2015-09,0.912902
312,2607,2015-10-1,2769727.98,3965470.08,0.21288200000000002,0.21288200000000002,4,2015,2015-10,0.912902
313,2607,2015-11-1,3500178.29,5011269.12,0.263726,0.263726,4,2015,2015-11,0.912902
314,2607,2015-12-1,4007450.18,5603769.6,0.11823399999999999,0.11823399999999999,4,2015,2015-12,0.912902
315,600065,2005-7-1,92400.0,295680.0,-0.088757,-0.088757,1,2005,2005-07,2.485093
316,600065,2005-8-1,114000.0,364800.0,0.23376599999999997,0.23376599999999997,1,2005,2005-08,2.485093
317,600065,2005-9-1,120000.0,384000.0,0.052632000000000005,0.052632000000000005,1,2005,2005-09,2.485093
318,600065,2005-10-1,107400.0,343680.0,-0.105,-0.105,1,2005,2005-10,2.485093
319,600065,2005-12-1,111000.0,355200.0,0.03352,0.03352,1,2005,2005-12,2.485093
320,600070,2007-1-1,379466.4,616159.83,0.315315,0.315315,1,2007,2007-01,1.39891
321,600070,2007-2-1,431448.1,700565.28,0.136986,0.136986,1,2007,2007-02,1.39891
322,600070,2007-3-1,523282.43,849681.59,0.212851,0.212851,1,2007,2007-03,1.39891
323,600070,2007-4-1,725144.69,1177456.11,0.385762,0.385762,1,2007,2007-04,1.39891
324,600070,2007-5-1,967878.81,1219658.84,0.042057,0.043011,1,2007,2007-05,1.39891
325,600070,2007-6-1,620692.76,782157.23,-0.35870799999999997,-0.35870799999999997,1,2007,2007-06,1.39891
326,600070,2007-7-1,788145.84,993170.87,0.269784,0.269784,1,2007,2007-07,1.39891
327,600070,2007-8-1,847312.59,1067729.02,0.075071,0.075071,1,2007,2007-08,1.39891
328,600070,2007-9-1,875221.44,1102897.96,0.032938,0.032938,1,2007,2007-09,1.39891
329,600070,2007-10-1,732328.15,922832.99,-0.16326500000000002,-0.16326500000000002,1,2007,2007-10,1.39891
330,600070,2007-11-1,806007.5,1015678.99,0.10061,0.10061,1,2007,2007-11,1.39891
331,600070,2007-12-1,980158.71,1235133.17,0.21606599999999998,0.21606599999999998,1,2007,2007-12,1.39891
332,600070,2008-1-1,922108.3,1161981.78,-0.059226,-0.059226,1,2008,2008-01,1.833523
333,600070,2008-2-1,1015882.03,1280149.42,0.10169500000000001,0.10169500000000001,1,2008,2008-02,1.833523
334,600070,2008-3-1,883035.92,1112745.26,-0.130769,-0.130769,1,2008,2008-03,1.833523
335,600070,2008-4-1,755771.58,952374.9,-0.144121,-0.144121,1,2008,2008-04,1.833523
336,600070,2008-5-1,747615.81,886257.29,-0.055173,-0.054653,1,2008,2008-05,1.833523
337,600070,2008-6-1,569612.04,675243.65,-0.23809499999999997,-0.23809499999999997,1,2008,2008-06,1.833523
338,600070,2008-7-1,605212.8,717446.38,0.0625,0.0625,1,2008,2008-07,1.833523
339,600070,2008-8-1,477050.09,565516.56,-0.211765,-0.211765,1,2008,2008-08,1.833523
340,600070,2008-9-1,511464.15,606312.53,0.072139,0.072139,1,2008,2008-09,1.833523
341,600070,2008-10-1,329900.31,391078.61,-0.354988,-0.354988,1,2008,2008-10,1.833523
342,600070,2008-11-1,382114.75,452975.95,0.158273,0.158273,1,2008,2008-11,1.833523
343,600070,2008-12-1,386861.51,458602.98,0.012422,0.012422,1,2008,2008-12,1.833523
344,600070,2009-1-1,442636.03,524720.58,0.144172,0.144172,1,2009,2009-01,1.286931
345,600070,2009-2-1,462809.79,548635.46,0.045576,0.045576,1,2009,2009-02,1.286931
346,600070,2009-3-1,604026.11,716039.62,0.305128,0.305128,1,2009,2009-03,1.286931
347,600070,2009-4-1,674040.92,799038.32,0.115914,0.115914,1,2009,2009-04,1.286931
348,600070,2009-5-1,893291.08,893291.08,0.1371,0.13556300000000002,1,2009,2009-05,1.286931
349,600070,2009-6-1,987543.84,987543.84,0.105512,0.105512,1,2009,2009-06,1.286931
350,600070,2009-7-1,1308284.57,1308284.57,0.324786,0.324786,1,2009,2009-07,1.286931
351,600070,2009-8-1,984730.32,984730.32,-0.24731199999999998,-0.24731199999999998,1,2009,2009-08,1.286931
352,600070,2009-9-1,1145100.69,1145100.69,0.162857,0.162857,1,2009,2009-09,1.286931
353,600070,2009-10-1,1187303.41,1187303.41,0.036855,0.036855,1,2009,2009-10,1.286931
354,600070,2009-11-1,1271708.87,1271708.87,0.07109,0.07109,1,2009,2009-11,1.286931
355,600070,2009-12-1,1259048.05,1259048.05,-0.009956,-0.009956,1,2009,2009-12,1.286931
356,600070,2010-1-1,1190116.93,1190116.93,-0.054749,-0.054749,1,2010,2010-01,1.37675
357,600070,2010-2-1,1249200.75,1249200.75,0.049645,0.049645,1,2010,2010-02,1.37675
358,600070,2010-3-1,1313911.6,1313911.6,0.051802,0.051802,1,2010,2010-03,1.37675
359,600070,2010-4-1,1154947.99,1154947.99,-0.120985,-0.120985,1,2010,2010-04,1.37675
360,600070,2010-5-1,1069135.78,1069135.78,-0.050412,-0.049939,1,2010,2010-05,1.37675
361,600070,2010-6-1,990357.35,990357.35,-0.073684,-0.073684,1,2010,2010-06,1.37675
362,600070,2010-7-1,1169015.57,1169015.57,0.180398,0.180398,1,2010,2010-07,1.37675
363,600070,2010-8-1,1252014.26,1252014.26,0.070999,0.070999,1,2010,2010-08,1.37675
364,600070,2010-9-1,1302657.54,1302657.54,0.040449,0.040449,1,2010,2010-09,1.37675
365,600070,2010-10-1,1280149.42,1280149.42,-0.017279,-0.017279,1,2010,2010-10,1.37675
366,600070,2010-11-1,1557280.66,1557280.66,0.216484,0.216484,1,2010,2010-11,1.37675
367,600070,2010-12-1,1468654.93,1468654.93,-0.056911,-0.056911,1,2010,2010-12,1.37675
368,600070,2011-1-1,1380029.21,1380029.21,-0.060345,-0.060345,1,2011,2011-01,1.086486
369,600070,2011-2-1,1530552.27,1530552.27,0.109072,0.109072,1,2011,2011-02,1.086486
370,600070,2011-3-1,1772514.58,1772514.58,0.158088,0.158088,1,2011,2011-03,1.086486
371,600070,2011-4-1,1624805.03,1624805.03,-0.083333,-0.083333,1,2011,2011-04,1.086486
372,600070,2011-5-1,1478502.24,1478502.24,-0.090043,-0.090043,1,2011,2011-05,1.086486
373,600070,2011-6-1,1448960.33,1448960.33,-0.019981,-0.019981,1,2011,2011-06,1.086486
374,600070,2011-7-1,1904749.79,1904749.79,0.31456300000000004,0.31456300000000004,1,2011,2011-07,1.086486
375,600070,2011-8-1,1482722.51,1482722.51,-0.22156599999999999,-0.22156599999999999,1,2011,2011-08,1.086486
376,600070,2011-9-1,1413791.39,1413791.39,-0.04649,-0.04649,1,2011,2011-09,1.086486
377,600070,2011-10-1,1309691.33,1309691.33,-0.073632,-0.073632,1,2011,2011-10,1.086486
378,600070,2011-11-1,1229506.14,1229506.14,-0.061224,-0.061224,1,2011,2011-11,1.086486
379,600070,2011-12-1,1083203.35,1083203.35,-0.118993,-0.118993,1,2011,2011-12,1.086486
380,600114,2009-1-1,506086.6,918850.0,0.09302300000000001,0.09302300000000001,1,2009,2009-01,1.16095
381,600114,2009-2-1,557772.04,1012690.0,0.102128,0.102128,1,2009,2009-02,1.16095
382,600114,2009-3-1,636376.98,1155405.0,0.140927,0.140927,1,2009,2009-03,1.16095
383,600114,2009-4-1,602996.8,1094800.0,-0.036475,-0.035532999999999995,1,2009,2009-04,1.16095
384,600114,2009-5-1,642837.66,1167135.0,0.066071,0.066071,1,2009,2009-05,1.16095
385,600114,2009-6-1,665450.04,1208190.0,0.035176,0.035176,1,2009,2009-06,1.16095
386,600114,2009-7-1,684832.08,1243380.0,0.029126,0.029126,1,2009,2009-07,1.16095
387,600114,2009-8-1,563155.94,1022465.0,-0.177673,-0.177673,1,2009,2009-08,1.16095
388,600114,2009-9-1,654682.24,1188640.0,0.162524,0.162524,1,2009,2009-09,1.16095
389,600114,2009-10-1,651451.9,1182775.0,-0.004934,-0.004934,1,2009,2009-10,1.16095
390,600114,2009-11-1,825890.26,1499485.0,0.267769,0.267769,1,2009,2009-11,1.16095
391,600114,2009-12-1,758053.12,1376320.0,-0.082138,-0.082138,1,2009,2009-12,1.16095
392,600234,2005-7-1,56760.0,123895.2,-0.12,-0.12,1,2005,2005-07,2.865903
393,600234,2005-8-1,77830.0,169886.6,0.371212,0.371212,1,2005,2005-08,2.865903
394,600234,2005-9-1,76970.0,168009.4,-0.01105,-0.01105,1,2005,2005-09,2.865903
395,600234,2005-10-1,81270.0,177395.4,0.055866,0.055866,1,2005,2005-10,2.865903
396,600234,2005-11-1,83420.0,182088.4,0.026455000000000003,0.026455000000000003,1,2005,2005-11,2.865903
397,600234,2005-12-1,77830.0,169886.6,-0.06701,-0.06701,1,2005,2005-12,2.865903
398,600241,2009-1-1,319783.58,661440.0,0.07216499999999999,0.07216499999999999,1,2009,2009-01,1.20546
399,600241,2009-2-1,335670.27,694300.0,0.049679,0.049679,1,2009,2009-02,1.20546
400,600241,2009-3-1,417153.58,862840.0,0.242748,0.242748,1,2009,2009-03,1.20546
401,600241,2009-4-1,465384.85,872380.0,0.011056999999999999,0.011056999999999999,1,2009,2009-04,1.20546
402,600241,2009-5-1,546247.58,1023960.0,0.173755,0.173755,1,2009,2009-05,1.20546
403,600241,2009-6-1,582437.9,1091800.0,0.06625299999999999,0.06625299999999999,1,2009,2009-06,1.20546
404,600241,2009-7-1,648032.85,1214760.0,0.112621,0.112621,1,2009,2009-07,1.20546
405,600241,2009-8-1,598836.64,1122540.0,-0.075916,-0.075916,1,2009,2009-08,1.20546
406,600241,2009-10-1,650294.74,1219000.0,0.08592999999999999,0.08592999999999999,1,2009,2009-10,1.20546
407,600241,2009-11-1,755472.85,1416160.0,0.16173900000000002,0.16173900000000002,1,2009,2009-11,1.20546
408,600241,2009-12-1,735681.27,1379060.0,-0.026198000000000003,-0.026198000000000003,1,2009,2009-12,1.20546
409,600241,2010-1-1,682526.74,1279420.0,-0.072252,-0.072252,1,2010,2010-01,1.6544720000000002
410,600241,2010-2-1,753776.43,1412980.0,0.10439100000000001,0.10439100000000001,1,2010,2010-02,1.6544720000000002
411,600241,2010-3-1,756038.32,1417220.0,0.003001,0.003001,1,2010,2010-03,1.6544720000000002
412,600241,2010-4-1,1194620.0,1194620.0,-0.157068,-0.157068,1,2010,2010-04,1.6544720000000002
413,600241,2010-5-1,1072720.0,1072720.0,-0.10204099999999999,-0.10204099999999999,1,2010,2010-05,1.6544720000000002
414,600241,2010-6-1,903120.0,903120.0,-0.153672,-0.153162,1,2010,2010-06,1.6544720000000002
415,600241,2010-7-1,1061060.0,1061060.0,0.17488299999999998,0.17488299999999998,1,2010,2010-07,1.6544720000000002
416,600241,2010-8-1,1182960.0,1182960.0,0.11488499999999999,0.11488499999999999,1,2010,2010-08,1.6544720000000002
417,600241,2010-9-1,1255040.0,1255040.0,0.06093200000000001,0.06093200000000001,1,2010,2010-09,1.6544720000000002
418,600241,2010-10-1,1415100.0,1415100.0,0.12753399999999998,0.12753399999999998,1,2010,2010-10,1.6544720000000002
419,600241,2010-11-1,1698120.0,1698120.0,0.2,0.2,1,2010,2010-11,1.6544720000000002
420,600241,2010-12-1,1497780.0,1497780.0,-0.117978,-0.117978,1,2010,2010-12,1.6544720000000002
421,600259,2006-1-1,196768.0,443872.0,0.089005,0.089005,1,2006,2006-01,1.7819650000000002
422,600259,2006-2-1,215688.0,486552.0,0.09615399999999999,0.09615399999999999,1,2006,2006-02,1.7819650000000002
423,600259,2006-3-1,186362.0,420398.0,-0.135965,-0.135965,1,2006,2006-03,1.7819650000000002
424,600259,2006-4-1,159874.0,360646.0,-0.14213199999999998,-0.14213199999999998,1,2006,2006-04,1.7819650000000002
425,600259,2006-5-1,199606.0,450274.0,0.248521,0.248521,1,2006,2006-05,1.7819650000000002
426,600259,2006-6-1,198660.0,448140.0,-0.004739,-0.004739,1,2006,2006-06,1.7819650000000002
427,600259,2006-7-1,186362.0,420398.0,-0.061904999999999995,-0.061904999999999995,1,2006,2006-07,1.7819650000000002
428,600259,2006-8-1,214742.0,484418.0,0.152284,0.152284,1,2006,2006-08,1.7819650000000002
429,600259,2006-9-1,236500.0,533500.0,0.10132200000000001,0.10132200000000001,1,2006,2006-09,1.7819650000000002
430,600259,2006-10-1,217580.0,490820.0,-0.08,-0.08,1,2006,2006-10,1.7819650000000002
431,600259,2006-11-1,186362.0,420398.0,-0.143478,-0.143478,1,2006,2006-11,1.7819650000000002
432,600259,2006-12-1,193930.0,437470.0,0.040609,0.040609,1,2006,2006-12,1.7819650000000002
433,600265,2007-1-1,340848.0,682748.0,0.20366099999999998,0.20366099999999998,1,2007,2007-01,0.924733
434,600265,2007-2-1,388800.0,778800.0,0.140684,0.140684,1,2007,2007-02,0.924733
435,600265,2007-3-1,513216.0,1028016.0,0.32,0.32,1,2007,2007-03,0.924733
436,600265,2007-4-1,762696.0,1527746.0,0.48611099999999996,0.48611099999999996,1,2007,2007-04,0.924733
437,600265,2007-5-1,754920.0,1512170.0,-0.010195000000000001,-0.010195000000000001,1,2007,2007-05,0.924733
438,600265,2007-6-1,439992.0,881342.0,-0.417167,-0.417167,1,2007,2007-06,0.924733
439,600265,2007-7-1,607824.0,1217524.0,0.381443,0.381443,1,2007,2007-07,0.924733
440,600265,2007-8-1,690120.0,1382370.0,0.13539400000000001,0.13539400000000001,1,2007,2007-08,0.924733
441,600265,2007-9-1,931328.0,1765280.0,0.276995,0.276995,1,2007,2007-09,0.924733
442,600265,2007-10-1,924480.0,1752300.0,-0.007353,-0.007353,1,2007,2007-10,0.924733
443,600265,2007-11-1,905305.6,1715956.0,-0.020741,-0.020741,1,2007,2007-11,0.924733
444,600265,2007-12-1,1041580.8,1974258.0,0.15053,0.15053,1,2007,2007-12,0.924733
445,600346,2007-1-1,259274.4,512400.0,0.173077,0.173077,1,2007,2007-01,1.052718
446,600346,2007-2-1,322499.1,637350.0,0.24385199999999999,0.24385199999999999,1,2007,2007-02,1.052718
447,600346,2007-3-1,402725.4,795900.0,0.24876399999999999,0.24876399999999999,1,2007,2007-03,1.052718
448,600346,2007-4-1,559458.9,1105650.0,0.38918200000000003,0.38918200000000003,1,2007,2007-04,1.052718
449,600346,2007-5-1,538206.9,1063650.0,-0.037987,-0.037987,1,2007,2007-05,1.052718
450,600346,2007-6-1,337375.5,666750.0,-0.37314899999999995,-0.37314899999999995,1,2007,2007-06,1.052718
451,600346,2007-7-1,608442.85,1157100.0,0.735433,0.735433,1,2007,2007-07,1.052718
452,600346,2007-8-1,868494.2,1651650.0,0.42740500000000003,0.42740500000000003,1,2007,2007-08,1.052718
453,600346,2007-9-1,755308.37,1436400.0,-0.130324,-0.130324,1,2007,2007-09,1.052718
454,600346,2007-10-1,593535.45,1128750.0,-0.21418099999999998,-0.21418099999999998,1,2007,2007-10,1.052718
455,600346,2007-11-1,778497.66,1480500.0,0.311628,0.311628,1,2007,2007-11,1.052718
456,600346,2007-12-1,815490.1,1550850.0,0.047518,0.047518,1,2007,2007-12,1.052718
457,600373,2006-1-1,179550.0,498750.0,0.099174,0.099174,1,2006,2006-01,1.870012
458,600373,2006-2-1,177414.3,367500.0,-0.011895000000000001,-0.011895000000000001,1,2006,2006-02,1.870012
459,600373,2006-3-1,174397.05,361250.0,-0.017006999999999998,-0.017006999999999998,1,2006,2006-03,1.870012
460,600373,2006-4-1,176207.4,365000.0,0.010381,0.010381,1,2006,2006-04,1.870012
461,600373,2006-5-1,213621.3,442500.0,0.212329,0.212329,1,2006,2006-05,1.870012
462,600373,2006-6-1,219655.8,455000.0,0.028249,0.028249,1,2006,2006-06,1.870012
463,600373,2006-7-1,197931.6,410000.0,-0.098901,-0.098901,1,2006,2006-07,1.870012
464,600373,2006-8-1,205173.0,425000.0,0.04124,0.041158999999999994,1,2006,2006-08,1.870012
465,600373,2006-9-1,211810.95,438750.0,0.032353,0.032353,1,2006,2006-09,1.870012
466,600373,2006-10-1,207586.8,430000.0,-0.019943000000000002,-0.019943000000000002,1,2006,2006-10,1.870012
467,600373,2006-11-1,202759.2,420000.0,-0.023256,-0.023256,1,2006,2006-11,1.870012
468,600373,2006-12-1,199138.5,412500.0,-0.017856999999999998,-0.017856999999999998,1,2006,2006-12,1.870012
469,600373,2007-1-1,244397.25,506250.0,0.227273,0.227273,1,2007,2007-01,1.595127
470,600373,2007-2-1,320776.98,588750.0,0.16296300000000002,0.16296300000000002,1,2007,2007-02,1.595127
471,600373,2007-3-1,415443.64,762500.0,0.295117,0.295117,1,2007,2007-03,1.595127
472,600373,2007-4-1,506705.03,930000.0,0.21967199999999998,0.21967199999999998,1,2007,2007-04,1.595127
473,600373,2007-5-1,586388.48,1076250.0,0.15725799999999998,0.15725799999999998,1,2007,2007-05,1.595127
474,600373,2007-6-1,361640.28,663750.0,-0.383275,-0.383275,1,2007,2007-06,1.595127
475,600373,2007-7-1,469928.05,862500.0,0.299435,0.299435,1,2007,2007-07,1.595127
476,600373,2007-8-1,533266.18,978750.0,0.137249,0.136957,1,2007,2007-08,1.595127
477,600373,2007-9-1,551654.67,1012500.0,0.034483,0.034483,1,2007,2007-09,1.595127
478,600373,2007-10-1,449496.4,825000.0,-0.185185,-0.185185,1,2007,2007-10,1.595127
479,600373,2007-11-1,474695.44,871250.0,0.056061,0.056061,1,2007,2007-11,1.595127
480,600373,2007-12-1,564594.72,1036250.0,0.189383,0.189383,1,2007,2007-12,1.595127
481,600373,2008-5-1,611202.33,1027500.0,-0.008444,-0.008444,1,2008,2008-05,1.361779
482,600373,2008-6-1,456542.86,767500.0,-0.25304099999999996,-0.25304099999999996,1,2008,2008-06,1.361779
483,600373,2008-7-1,553205.03,930000.0,0.214088,0.214169,1,2008,2008-07,1.361779
484,600373,2008-8-1,539821.04,907500.0,-0.024194,-0.024194,1,2008,2008-08,1.361779
485,600373,2008-9-1,443902.43,746250.0,-0.17768599999999998,-0.17768599999999998,1,2008,2008-09,1.361779
486,600373,2008-10-1,249834.53,420000.0,-0.43718599999999996,-0.43718599999999996,1,2008,2008-10,1.361779
487,600373,2008-11-1,331253.82,556875.0,0.325893,0.325893,1,2008,2008-11,1.361779
488,600373,2008-12-1,312293.16,525000.0,-0.057239,-0.057239,1,2008,2008-12,1.361779
489,600419,2005-7-1,132300.0,353505.6,0.097015,0.097015,1,2005,2005-07,2.307136
490,600419,2005-8-1,133500.0,356712.0,0.00907,0.00907,1,2005,2005-08,2.307136
491,600419,2005-9-1,139800.0,373545.6,0.047191000000000004,0.047191000000000004,1,2005,2005-09,2.307136
492,600419,2005-10-1,126900.0,339076.8,-0.092275,-0.092275,1,2005,2005-10,2.307136
493,600419,2005-11-1,134400.0,359116.8,0.059101999999999995,0.059101999999999995,1,2005,2005-11,2.307136
494,600419,2005-12-1,132300.0,353505.6,-0.015625,-0.015625,1,2005,2005-12,2.307136
495,600419,2006-1-1,124200.0,331862.4,-0.061224,-0.061224,1,2006,2006-01,2.295389
496,600419,2006-2-1,124500.0,332664.0,0.002415,0.002415,1,2006,2006-02,2.295389
497,600419,2006-3-1,120600.0,322243.2,-0.031325,-0.031325,1,2006,2006-03,2.295389
498,600419,2006-4-1,133500.0,356712.0,0.106965,0.106965,1,2006,2006-04,2.295389
499,600419,2006-5-1,152685.0,302203.2,0.143707,0.143708,1,2006,2006-05,2.295389
500,600419,2006-6-1,153495.0,303806.4,0.005305,0.005305,1,2006,2006-06,2.295389
501,600419,2006-7-1,142155.0,281361.6,-0.073879,-0.073879,1,2006,2006-07,2.295389
502,600419,2006-8-1,146610.0,290179.2,0.031339,0.031339,1,2006,2006-08,2.295389
503,600419,2006-9-1,159165.0,315028.8,0.085635,0.085635,1,2006,2006-09,2.295389
504,600419,2006-10-1,156735.0,310219.2,-0.015267,-0.015267,1,2006,2006-10,2.295389
505,600419,2006-11-1,161595.0,319838.4,0.031007999999999997,0.031007999999999997,1,2006,2006-11,2.295389
506,600419,2006-12-1,156735.0,310219.2,-0.030075,-0.030075,1,2006,2006-12,2.295389
507,600419,2007-1-1,186300.0,368736.0,0.18863,0.18863,1,2007,2007-01,1.009415
508,600419,2007-5-1,247887.36,426451.2,0.156522,0.156522,1,2007,2007-05,1.009415
509,600419,2007-6-1,335486.65,577152.0,0.353383,0.353383,1,2007,2007-06,1.009415
510,600419,2007-7-1,373228.9,642081.6,0.1125,0.1125,1,2007,2007-07,1.009415
511,600419,2007-8-1,396060.63,681360.0,0.061174,0.061174,1,2007,2007-08,1.009415
512,600419,2007-9-1,394662.77,678955.2,-0.003529,-0.003529,1,2007,2007-09,1.009415
513,600419,2007-10-1,337816.42,581160.0,-0.144038,-0.144038,1,2007,2007-10,1.009415
514,600419,2007-11-1,372296.99,640478.4,0.10206900000000001,0.10206900000000001,1,2007,2007-11,1.009415
515,600419,2007-12-1,398390.4,685368.0,0.070088,0.070088,1,2007,2007-12,1.009415
516,600419,2008-1-1,378820.34,651700.8,-0.049123,-0.049123,1,2008,2008-01,1.42982
517,600419,2008-2-1,406311.61,698995.2,0.07257100000000001,0.07257100000000001,1,2008,2008-02,1.42982
518,600419,2008-3-1,339680.23,584366.4,-0.163991,-0.163991,1,2008,2008-03,1.42982
519,600419,2008-4-1,311723.01,536270.4,-0.08230499999999999,-0.08230499999999999,1,2008,2008-04,1.42982
520,600419,2008-6-1,244920.3,387974.4,-0.276532,-0.276532,1,2008,2008-06,1.42982
521,600419,2008-7-1,304632.28,482563.2,0.243802,0.243802,1,2008,2008-07,1.42982
522,600419,2008-8-1,319813.29,506611.2,0.049833999999999996,0.049833999999999996,1,2008,2008-08,1.42982
523,600419,2008-9-1,181160.06,286972.8,-0.433544,-0.433544,1,2008,2008-09,1.42982
524,600419,2008-10-1,128532.55,203606.4,-0.290503,-0.290503,1,2008,2008-10,1.42982
525,600419,2008-11-1,160918.71,254908.8,0.251969,0.251969,1,2008,2008-11,1.42982
526,600419,2008-12-1,190268.66,301401.6,0.18239,0.18239,1,2008,2008-12,1.42982
527,600444,2007-1-1,384564.0,511000.0,0.17175,0.17175,1,2007,2007-01,1.38194
528,600444,2007-2-1,420386.4,558600.0,0.093151,0.093151,1,2007,2007-02,1.38194
529,600444,2007-3-1,493084.8,655200.0,0.172932,0.172932,1,2007,2007-03,1.38194
530,600444,2007-4-1,586855.2,779800.0,0.190171,0.190171,1,2007,2007-04,1.38194
531,600444,2007-6-1,413011.2,548800.0,-0.29623,-0.29623,1,2007,2007-06,1.38194
532,600444,2007-7-1,545238.0,724500.0,0.320153,0.320153,1,2007,2007-07,1.38194
533,600444,2007-8-1,736466.4,978600.0,0.350725,0.350725,1,2007,2007-08,1.38194
534,600444,2007-9-1,820227.6,1089900.0,0.11373399999999999,0.11373399999999999,1,2007,2007-09,1.38194
535,600444,2007-10-1,874488.0,1162000.0,0.066153,0.066153,1,2007,2007-10,1.38194
536,600444,2007-11-1,885024.0,1176000.0,0.012048,0.012048,1,2007,2007-11,1.38194
537,600444,2007-12-1,1172869.54,1529500.0,0.300595,0.300595,1,2007,2007-12,1.38194
538,600455,2007-1-1,241390.6,606467.18,0.216792,0.216792,1,2007,2007-01,0.965201
539,600455,2007-2-1,238158.8,598347.64,-0.013387999999999999,-0.013387999999999999,1,2007,2007-02,0.965201
540,600455,2007-3-1,313236.0,786970.8,0.31524,0.31524,1,2007,2007-03,0.965201
541,600455,2007-4-1,362458.8,910637.64,0.157143,0.157143,1,2007,2007-04,0.965201
542,600455,2007-5-1,349283.0,877534.9,-0.036351,-0.036351,1,2007,2007-05,0.965201
543,600455,2007-6-1,324423.0,815076.9,-0.071174,-0.071174,1,2007,2007-06,0.965201
544,600455,2007-7-1,326909.0,821322.7,0.007663,0.007663,1,2007,2007-07,0.965201
545,600455,2007-8-1,390799.2,981839.76,0.195437,0.195437,1,2007,2007-08,0.965201
546,600455,2007-9-1,350277.4,880033.22,-0.10369,-0.10369,1,2007,2007-09,0.965201
547,600455,2007-10-1,311744.4,783223.32,-0.110007,-0.110007,1,2007,2007-10,0.965201
548,600455,2007-11-1,300806.0,755741.8,-0.035088,-0.035088,1,2007,2007-11,0.965201
549,600455,2007-12-1,362956.0,911886.8,0.206612,0.206612,1,2007,2007-12,0.965201
550,600493,2007-1-1,360672.25,807500.0,0.23056999999999997,0.23056999999999997,1,2007,2007-01,1.069487
551,600493,2007-2-1,425213.6,952000.0,0.178947,0.178947,1,2007,2007-02,1.069487
552,600493,2007-3-1,520886.66,1166200.0,0.225,0.225,1,2007,2007-03,1.069487
553,600493,2007-4-1,927565.56,1647300.0,0.41253599999999996,0.41253599999999996,1,2007,2007-04,1.069487
554,600493,2007-5-1,864387.72,1535100.0,-0.068111,-0.068111,1,2007,2007-05,1.069487
555,600493,2007-6-1,536054.4,952000.0,-0.36386199999999996,-0.357697,1,2007,2007-06,1.069487
556,600493,2007-7-1,761963.04,1353200.0,0.421429,0.421429,1,2007,2007-07,1.069487
557,600493,2007-8-1,770578.2,1368500.0,0.011307,0.011307,1,2007,2007-08,1.069487
558,600493,2007-9-1,771535.44,1370200.0,0.001242,0.001242,1,2007,2007-09,1.069487
559,600493,2007-10-1,665281.8,1181500.0,-0.137717,-0.137717,1,2007,2007-10,1.069487
560,600493,2007-12-1,769620.96,1366800.0,0.156835,0.156835,1,2007,2007-12,1.069487
561,600493,2008-1-1,946881.6,1428000.0,0.044775999999999996,0.044775999999999996,1,2008,2008-01,1.5838
562,600493,2008-2-1,1047205.96,1579300.0,0.105952,0.105952,1,2008,2008-02,1.5838
563,600493,2008-3-1,900664.76,1358300.0,-0.139935,-0.139935,1,2008,2008-03,1.5838
564,600493,2008-4-1,732706.0,1105000.0,-0.18648299999999998,-0.18648299999999998,1,2008,2008-04,1.5838
565,600493,2008-5-1,698888.8,1054000.0,-0.046154,-0.046154,1,2008,2008-05,1.5838
566,600493,2008-6-1,465550.12,702100.0,-0.31738299999999997,-0.309677,1,2008,2008-06,1.5838
567,600493,2008-7-1,514021.44,775200.0,0.10411600000000001,0.10411600000000001,1,2008,2008-07,1.5838
568,600493,2008-8-1,431732.92,651100.0,-0.160088,-0.160088,1,2008,2008-08,1.5838
569,600493,2008-9-1,390025.04,588200.0,-0.096606,-0.096606,1,2008,2008-09,1.5838
570,600493,2008-10-1,311118.24,469200.0,-0.202312,-0.202312,1,2008,2008-10,1.5838
571,600493,2008-11-1,356207.84,537200.0,0.144928,0.144928,1,2008,2008-11,1.5838
572,600493,2008-12-1,358462.32,540600.0,0.0063289999999999996,0.0063289999999999996,1,2008,2008-12,1.5838
573,600493,2009-1-1,625600.0,625600.0,0.15723299999999998,0.15723299999999998,1,2009,2009-01,1.082906
574,600493,2009-2-1,671500.0,671500.0,0.07337,0.07337,1,2009,2009-02,1.082906
575,600493,2009-3-1,812600.0,812600.0,0.210127,0.210127,1,2009,2009-03,1.082906
576,600493,2009-4-1,807500.0,807500.0,-0.0062759999999999995,-0.0062759999999999995,1,2009,2009-04,1.082906
577,600493,2009-5-1,870400.0,870400.0,0.077895,0.077895,1,2009,2009-05,1.082906
578,600493,2009-6-1,1026800.0,1026800.0,0.18649300000000002,0.185547,1,2009,2009-06,1.082906
579,600493,2009-7-1,1201900.0,1201900.0,0.17053,0.17053,1,2009,2009-07,1.082906
580,600493,2009-8-1,962200.0,962200.0,-0.199434,-0.199434,1,2009,2009-08,1.082906
581,600493,2009-9-1,1023400.0,1023400.0,0.063604,0.063604,1,2009,2009-09,1.082906
582,600493,2009-10-1,1173000.0,1173000.0,0.146179,0.146179,1,2009,2009-10,1.082906
583,600493,2009-11-1,1392300.0,1392300.0,0.18695699999999998,0.18695699999999998,1,2009,2009-11,1.082906
584,600493,2009-12-1,1455200.0,1455200.0,0.045176999999999995,0.045176999999999995,1,2009,2009-12,1.082906
585,600532,2008-1-1,723194.97,1172340.0,-0.030948000000000003,-0.030948000000000003,1,2008,2008-01,1.609739
586,600532,2008-2-1,765778.31,1241370.0,0.058882000000000004,0.058882000000000004,1,2008,2008-02,1.609739
587,600532,2008-3-1,576679.42,934830.0,-0.246937,-0.246937,1,2008,2008-03,1.609739
588,600532,2008-4-1,581009.93,941850.0,0.007509,0.007509,1,2008,2008-04,1.609739
589,600532,2008-5-1,565131.4,916110.0,-0.027329000000000003,-0.027329000000000003,1,2008,2008-05,1.609739
590,600532,2008-6-1,410676.59,665730.0,-0.273308,-0.273308,1,2008,2008-06,1.609739
591,600532,2008-7-1,469138.46,760500.0,0.142354,0.142355,1,2008,2008-07,1.609739
592,600532,2008-8-1,395952.86,641862.0,-0.156,-0.156,1,2008,2008-08,1.609739
593,600532,2008-9-1,303063.44,491283.0,-0.23459699999999997,-0.23459699999999997,1,2008,2008-09,1.609739
594,600532,2008-10-1,229877.84,372645.0,-0.241486,-0.241486,1,2008,2008-10,1.609739
595,600532,2008-11-1,292742.4,474552.0,0.273469,0.273469,1,2008,2008-11,1.609739
596,600532,2008-12-1,390323.19,632736.0,0.333333,0.333333,1,2008,2008-12,1.609739
597,600566,2007-1-1,343332.0,614460.24,0.24034299999999997,0.24034299999999997,1,2007,2007-01,1.176566
598,600566,2007-2-1,403920.0,722894.4,0.17647100000000002,0.17647100000000002,1,2007,2007-02,1.176566
599,600566,2007-3-1,438372.0,784553.04,0.08529400000000001,0.08529400000000001,1,2007,2007-03,1.176566
600,600566,2007-4-1,730858.14,1031187.6,0.314363,0.314363,1,2007,2007-04,1.176566
601,600566,2007-5-1,711268.13,1003547.52,-0.025979000000000002,-0.025773,1,2007,2007-05,1.176566
602,600566,2007-6-1,489750.3,691002.0,-0.31144099999999997,-0.31144099999999997,1,2007,2007-06,1.176566
603,600566,2007-7-1,652498.09,920627.28,0.332308,0.332308,1,2007,2007-07,1.176566
604,600566,2007-8-1,727090.83,1025872.2,0.114319,0.114319,1,2007,2007-08,1.176566
605,600566,2007-9-1,707500.82,998232.12,-0.026943,-0.026943,1,2007,2007-09,1.176566
606,600566,2007-10-1,597495.37,843022.44,-0.15548499999999998,-0.15548499999999998,1,2007,2007-10,1.176566
607,600566,2007-11-1,611811.14,863220.96,0.02396,0.02396,1,2007,2007-11,1.176566
608,600566,2007-12-1,703733.51,992916.72,0.150246,0.150246,1,2007,2007-12,1.176566
609,600566,2008-1-1,684143.5,965276.64,-0.027837,-0.027837,1,2008,2008-01,1.3685690000000001
610,600566,2008-2-1,865727.84,1221478.92,0.265419,0.265419,1,2008,2008-02,1.3685690000000001
611,600566,2008-3-1,705993.89,996105.96,-0.184508,-0.184508,1,2008,2008-03,1.3685690000000001
612,600566,2008-4-1,740590.52,866410.2,-0.13020299999999999,-0.13020299999999999,1,2008,2008-04,1.3685690000000001
613,600566,2008-5-1,796929.93,932321.16,0.076074,0.076074,1,2008,2008-05,1.3685690000000001
614,600566,2008-6-1,513415.52,600640.2,-0.354825,-0.354618,1,2008,2008-06,1.3685690000000001
615,600566,2008-7-1,557941.82,652731.12,0.086726,0.086726,1,2008,2008-07,1.3685690000000001
616,600566,2008-8-1,477067.52,558117.0,-0.144951,-0.144951,1,2008,2008-08,1.3685690000000001
617,600566,2008-9-1,440719.51,515593.8,-0.07619,-0.07619,1,2008,2008-09,1.3685690000000001
618,600566,2008-10-1,333492.91,390150.36,-0.243299,-0.243299,1,2008,2008-10,1.3685690000000001
619,600566,2008-11-1,408915.01,478386.0,0.226158,0.226158,1,2008,2008-11,1.3685690000000001
620,600566,2008-12-1,403462.81,472007.52,-0.013333000000000001,-0.013333000000000001,1,2008,2008-12,1.3685690000000001
621,600593,2007-1-1,234553.6,503240.0,0.156448,0.156448,1,2007,2007-01,1.023361
622,600593,2007-2-1,261568.0,561200.0,0.115174,0.115174,1,2007,2007-02,1.023361
623,600593,2007-3-1,330604.8,709320.0,0.263934,0.263934,1,2007,2007-03,1.023361
624,600593,2007-4-1,400928.0,860200.0,0.212711,0.212711,1,2007,2007-04,1.023361
625,600593,2007-5-1,456672.0,979800.0,0.139037,0.139037,1,2007,2007-05,1.023361
626,600593,2007-6-1,286867.2,615480.0,-0.37183099999999997,-0.37183099999999997,1,2007,2007-06,1.023361
627,600593,2007-7-1,377344.0,809600.0,0.315396,0.315396,1,2007,2007-07,1.023361
628,600593,2007-8-1,729139.84,1052480.0,0.3,0.3,1,2007,2007-08,1.023361
629,600593,2007-9-1,687074.08,991760.0,-0.05769199999999999,-0.05769199999999999,1,2007,2007-09,1.023361
630,600593,2007-10-1,785227.52,1133440.0,0.14285699999999998,0.14285699999999998,1,2007,2007-10,1.023361
631,600593,2007-11-1,732964.0,1058000.0,-0.066558,-0.066558,1,2007,2007-11,1.023361
632,600593,2007-12-1,845139.36,1219920.0,0.153043,0.153043,1,2007,2007-12,1.023361
633,600703,2005-7-1,127195.56,259350.73,-0.17803,-0.17803,1,2005,2005-07,2.44482
634,600703,2005-8-1,149469.43,304766.98,0.17511500000000002,0.17511500000000002,1,2005,2005-08,2.44482
635,600703,2005-9-1,160020.22,326279.95,0.070588,0.070588,1,2005,2005-09,2.44482
636,600703,2005-10-1,145952.51,297596.0,-0.087912,-0.087912,1,2005,2005-10,2.44482
637,600703,2005-11-1,151227.9,308352.48,0.036145,0.036145,1,2005,2005-11,2.44482
638,600703,2005-12-1,140090.96,285644.35,-0.073643,-0.073643,1,2005,2005-12,2.44482
639,600706,2007-1-1,234000.13,419200.52,0.170732,0.170732,1,2007,2007-01,2.946164
640,600706,2007-2-1,273487.65,489940.6,0.16875,0.16875,1,2007,2007-02,2.946164
641,600706,2007-3-1,337837.69,605220.75,0.235294,0.235294,1,2007,2007-03,2.946164
642,600706,2007-4-1,367575.2,658494.15,0.088023,0.088023,1,2007,2007-04,2.946164
643,600706,2007-5-1,499815.5,722247.56,0.096817,0.096817,1,2007,2007-05,2.946164
644,600706,2007-6-1,304354.29,426187.19,-0.409915,-0.409915,1,2007,2007-06,2.946164
645,600706,2007-7-1,374829.77,524873.98,0.231557,0.231557,1,2007,2007-07,2.946164
646,600706,2007-8-1,547588.26,766787.61,0.460899,0.460899,1,2007,2007-08,2.946164
647,600706,2007-9-1,687915.54,963287.85,0.256264,0.256264,1,2007,2007-09,2.946164
648,600706,2007-10-1,533243.69,746700.92,-0.22484099999999999,-0.22484099999999999,1,2007,2007-10,2.946164
649,600706,2007-11-1,510167.65,714387.55,-0.043275,-0.043275,1,2007,2007-11,2.946164
650,600706,2007-12-1,633031.98,886434.43,0.240831,0.240831,1,2007,2007-12,2.946164
651,600706,2008-1-1,548211.93,767660.95,-0.13399,-0.13399,1,2008,2008-01,1.723596
652,600706,2008-2-1,553825.03,775520.96,0.010239,0.010239,1,2008,2008-02,1.723596
653,600706,2008-3-1,425971.27,596487.4,-0.230856,-0.230856,1,2008,2008-03,1.723596
654,600706,2008-4-1,402895.23,564174.03,-0.054173,-0.054173,1,2008,2008-04,1.723596
655,600706,2008-5-1,422744.97,552820.68,-0.020124,-0.020124,1,2008,2008-05,1.723596
656,600706,2008-6-1,364642.58,476840.59,-0.137441,-0.137441,1,2008,2008-06,1.723596
657,600706,2008-7-1,419405.75,548454.01,0.15018299999999998,0.15018299999999998,1,2008,2008-07,1.723596
658,600706,2008-8-1,300529.6,393000.48,-0.283439,-0.283439,1,2008,2008-08,1.723596
659,600706,2008-9-1,243095.05,317893.73,-0.191111,-0.191111,1,2008,2008-09,1.723596
660,600706,2008-10-1,207031.5,270733.67,-0.148352,-0.148352,1,2008,2008-10,1.723596
661,600706,2008-11-1,225063.28,294313.7,0.08709700000000001,0.08709700000000001,1,2008,2008-11,1.723596
662,600706,2008-12-1,229070.34,299553.7,0.017804,0.017804,1,2008,2008-12,1.723596
663,600735,2009-1-1,378915.35,702850.73,0.118227,0.118227,1,2009,2009-01,1.16068
664,600735,2009-2-1,414803.8,769420.29,0.09471399999999999,0.09471399999999999,1,2009,2009-02,1.16068
665,600735,2009-3-1,515792.26,956743.94,0.243461,0.243461,1,2009,2009-03,1.16068
666,600735,2009-4-1,514123.02,953647.69,-0.0032359999999999997,-0.0032359999999999997,1,2009,2009-04,1.16068
667,600735,2009-5-1,575049.94,1066661.13,0.118506,0.118506,1,2009,2009-05,1.16068
668,600735,2009-6-1,584230.71,1083690.55,0.015965,0.015965,1,2009,2009-06,1.16068
669,600735,2009-7-1,973161.44,1805118.83,0.665714,0.665714,1,2009,2009-07,1.16068
670,600735,2009-8-1,879684.53,1631728.35,-0.096055,-0.096055,1,2009,2009-08,1.16068
671,600735,2009-9-1,831276.84,1541936.84,-0.055028,-0.055028,1,2009,2009-09,1.16068
672,600735,2009-10-1,991522.98,1839177.68,0.192771,0.192771,1,2009,2009-10,1.16068
673,600735,2009-11-1,1182649.88,2193699.3,0.192761,0.192761,1,2009,2009-11,1.16068
674,600735,2009-12-1,1157611.42,2147255.42,-0.021171000000000002,-0.021171000000000002,1,2009,2009-12,1.16068
675,600766,2005-7-1,108383.83,308097.92,0.07142899999999999,0.07142899999999999,1,2005,2005-07,2.5193060000000003
676,600766,2005-8-1,124039.27,352600.96,0.14444400000000002,0.14444400000000002,1,2005,2005-08,2.5193060000000003
677,600766,2005-9-1,136081.92,386834.06,0.097087,0.097087,1,2005,2005-09,2.5193060000000003
678,600766,2005-10-1,124039.27,352600.96,-0.088496,-0.088496,1,2005,2005-10,2.5193060000000003
679,600766,2005-11-1,110190.23,313232.89,-0.11165,-0.11165,1,2005,2005-11,2.5193060000000003
680,600766,2005-12-1,127652.07,362870.89,0.15847,0.15847,1,2005,2005-12,2.5193060000000003
681,600774,2010-1-1,1321577.32,1342484.72,-0.026581999999999998,-0.026581999999999998,1,2010,2010-01,1.437287
682,600774,2010-2-1,1392038.52,1414060.63,0.053315999999999995,0.053315999999999995,1,2010,2010-02,1.437287
683,600774,2010-3-1,1505463.89,1529280.38,0.081481,0.081481,1,2010,2010-03,1.437287
684,600774,2010-4-1,1297517.39,1318044.16,-0.138128,-0.138128,1,2010,2010-04,1.437287
685,600774,2010-5-1,1206433.39,1225519.21,-0.070199,-0.070199,1,2010,2010-05,1.437287
686,600774,2010-6-1,1031139.65,1047452.32,-0.145299,-0.145299,1,2010,2010-06,1.437287
687,600774,2010-7-1,1189247.73,1208061.67,0.153333,0.153333,1,2010,2010-07,1.437287
688,600774,2010-8-1,1276894.6,1297095.12,0.073699,0.073699,1,2010,2010-08,1.437287
689,600774,2010-9-1,1483122.53,1506585.58,0.16150699999999998,0.16150699999999998,1,2010,2010-09,1.437287
690,600774,2010-10-1,1520930.98,1544992.17,0.025491999999999997,0.025491999999999997,1,2010,2010-10,1.437287
691,600774,2010-11-1,1572487.96,1597364.78,0.033898000000000005,0.033898000000000005,1,2010,2010-11,1.437287
692,600774,2010-12-1,1610296.42,1635771.37,0.024044,0.024044,1,2010,2010-12,1.437287
693,600792,2007-1-1,270997.65,698024.25,0.286047,0.286047,1,2007,2007-01,1.08572
694,600792,2007-2-1,369497.7,951736.5,0.36347199999999996,0.36347199999999996,1,2007,2007-02,1.08572
695,600792,2007-3-1,417522.6,1075437.0,0.129973,0.129973,1,2007,2007-03,1.08572
696,600792,2007-4-1,489559.95,1260987.75,0.172535,0.172535,1,2007,2007-04,1.08572
697,600792,2007-5-1,509161.95,1311477.75,0.04004,0.04004,1,2007,2007-05,1.08572
698,600792,2007-6-1,308241.45,793955.25,-0.39461,-0.39461,1,2007,2007-06,1.08572
699,600792,2007-7-1,534908.14,1220595.75,0.537361,0.537361,1,2007,2007-07,1.08572
700,600792,2007-8-1,776086.99,1770936.75,0.450879,0.450879,1,2007,2007-08,1.08572
701,600792,2007-9-1,845785.46,1929980.25,0.089808,0.089808,1,2007,2007-09,1.08572
702,600792,2007-10-1,610138.24,1392261.75,-0.278613,-0.278613,1,2007,2007-10,1.08572
703,600792,2007-11-1,687580.99,1568976.75,0.126927,0.126927,1,2007,2007-11,1.08572
704,600792,2007-12-1,840253.84,1917357.75,0.222043,0.222043,1,2007,2007-12,1.08572
705,600793,2007-1-1,243560.77,574938.0,0.112016,0.112016,1,2007,2007-01,1.190903
706,600793,2007-2-1,271217.86,640224.0,0.113553,0.113553,1,2007,2007-02,1.190903
707,600793,2007-3-1,325193.78,767637.0,0.19901300000000002,0.19901300000000002,1,2007,2007-03,1.190903
708,600793,2007-4-1,510763.89,1205685.0,0.570645,0.570645,1,2007,2007-04,1.190903
709,600793,2007-5-1,516116.87,1218321.0,0.01048,0.01048,1,2007,2007-05,1.190903
710,600793,2007-6-1,315379.97,744471.0,-0.388937,-0.388937,1,2007,2007-06,1.190903
711,600793,2007-7-1,429576.97,1014039.0,0.362093,0.362093,1,2007,2007-07,1.190903
712,600793,2007-8-1,496043.18,1170936.0,0.154725,0.154725,1,2007,2007-08,1.190903
713,600793,2007-9-1,625267.19,1194102.0,0.019784,0.019784,1,2007,2007-09,1.190903
714,600793,2007-10-1,473085.76,903474.0,-0.24338600000000002,-0.24338600000000002,1,2007,2007-10,1.190903
715,600793,2007-11-1,528775.34,1009827.0,0.11771600000000002,0.11771600000000002,1,2007,2007-11,1.190903
716,600793,2007-12-1,586119.07,1119339.0,0.108446,0.108446,1,2007,2007-12,1.190903
717,600793,2008-1-1,637948.97,1218321.0,0.088429,0.088429,1,2008,2008-01,1.540897
718,600793,2008-2-1,507271.44,968760.0,-0.20484000000000002,-0.20484000000000002,1,2008,2008-02,1.540897
719,600793,2008-3-1,437245.93,835029.0,-0.138043,-0.138043,1,2008,2008-03,1.540897
720,600793,2008-4-1,427872.43,817128.0,-0.021438,-0.021438,1,2008,2008-04,1.540897
721,600793,2008-5-1,427321.05,816075.0,-0.001289,-0.001289,1,2008,2008-05,1.540897
722,600793,2008-6-1,286718.64,547560.0,-0.329032,-0.329032,1,2008,2008-06,1.540897
723,600793,2008-7-1,376042.52,718146.0,0.31153800000000004,0.31153800000000004,1,2008,2008-07,1.540897
724,600793,2008-8-1,281756.2,538083.0,-0.250733,-0.250733,1,2008,2008-08,1.540897
725,600793,2008-9-1,265299.53,425412.0,-0.209393,-0.209393,1,2008,2008-09,1.540897
726,600793,2008-10-1,192407.83,308529.0,-0.274752,-0.274752,1,2008,2008-10,1.540897
727,600793,2008-11-1,208168.19,333801.0,0.081911,0.081911,1,2008,2008-11,1.540897
728,600793,2008-12-1,235748.84,378027.0,0.132492,0.132492,1,2008,2008-12,1.540897
729,600807,2005-7-1,102316.5,171603.92,-0.042169,-0.042169,1,2005,2005-07,2.563205
730,600807,2005-8-1,126126.0,211536.91,0.232704,0.232704,1,2005,2005-08,2.563205
731,600807,2005-9-1,161518.5,270896.76,0.280612,0.280612,1,2005,2005-09,2.563205
732,600807,2005-10-1,130630.5,219091.8,-0.191235,-0.191235,1,2005,2005-10,2.563205
733,600807,2005-12-1,121621.5,203982.02,-0.068966,-0.068966,1,2005,2005-12,2.563205
734,600873,2007-1-1,292298.65,474076.32,0.15872999999999998,0.15872999999999998,1,2007,2007-01,1.251342
735,600873,2007-2-1,367041.69,595301.32,0.255708,0.255708,1,2007,2007-02,1.251342
736,600873,2007-3-1,479823.59,778221.18,0.307273,0.307273,1,2007,2007-03,1.251342
737,600873,2007-4-1,585932.0,950317.37,0.22114,0.22114,1,2007,2007-04,1.251342
738,600873,2007-5-1,583929.96,947070.28,-0.002455,-0.002278,1,2007,2007-05,1.251342
739,600873,2007-6-1,473548.94,616948.64,-0.348571,-0.348571,1,2007,2007-06,1.251342
740,600873,2007-7-1,648014.34,844245.5,0.368421,0.368421,1,2007,2007-07,1.251342
741,600873,2007-8-1,682076.64,888622.51,0.052564,0.052564,1,2007,2007-08,1.251342
742,600873,2007-9-1,1011899.32,1318321.82,0.48355699999999996,0.48355699999999996,1,2007,2007-09,1.251342
743,600873,2007-10-1,773463.27,1007682.77,-0.235632,-0.235632,1,2007,2007-10,1.251342
744,600873,2007-11-1,692876.88,902693.27,-0.104189,-0.104189,1,2007,2007-11,1.251342
745,600873,2007-12-1,847403.37,1104013.35,0.22302199999999997,0.22302199999999997,1,2007,2007-12,1.251342
746,600976,2008-1-1,1074607.36,1351441.67,-0.110101,-0.110101,1,2008,2008-01,1.447255
747,600976,2008-2-1,1229516.71,1546257.89,0.144154,0.144154,1,2008,2008-02,1.447255
748,600976,2008-3-1,1045333.15,1314626.0,-0.149802,-0.149802,1,2008,2008-03,1.447255
749,600976,2008-4-1,898962.12,1130547.68,-0.140023,-0.140023,1,2008,2008-04,1.447255
750,600976,2008-5-1,972800.99,1096799.99,-0.029851,-0.029851,1,2008,2008-05,1.447255
751,600976,2008-6-1,734702.84,828352.44,-0.24475500000000003,-0.24475500000000003,1,2008,2008-06,1.447255
752,600976,2008-7-1,802730.88,905051.74,0.092593,0.092593,1,2008,2008-07,1.447255
753,600976,2008-8-1,680280.41,766993.0,-0.152542,-0.152542,1,2008,2008-08,1.447255
754,600976,2008-9-1,670756.48,756255.1,-0.013999999999999999,-0.013999999999999999,1,2008,2008-09,1.447255
755,600976,2008-10-1,538782.08,607458.46,-0.19675499999999999,-0.19675499999999999,1,2008,2008-10,1.447255
756,600976,2008-11-1,620415.73,699497.62,0.151515,0.151515,1,2008,2008-11,1.447255
757,600976,2008-12-1,638103.02,719439.43,0.028508999999999996,0.028508999999999996,1,2008,2008-12,1.447255
758,600992,2007-1-1,499016.0,881023.2,0.18847,0.18847,1,2007,2007-01,0.9726959999999999
759,600992,2007-2-1,656355.0,1158808.5,0.315299,0.315299,1,2007,2007-02,0.9726959999999999
760,600992,2007-3-1,767144.0,1354408.8,0.168794,0.168794,1,2007,2007-03,0.9726959999999999
761,600992,2007-4-1,990584.0,1748896.8,0.29126199999999997,0.29126199999999997,1,2007,2007-04,0.9726959999999999
762,600992,2007-5-1,914242.0,1614113.4,-0.077068,-0.077068,1,2007,2007-05,0.9726959999999999
763,600992,2007-6-1,692664.0,1222912.8,-0.24236300000000002,-0.24236300000000002,1,2007,2007-06,0.9726959999999999
764,600992,2007-7-1,988687.03,1512204.0,0.23655900000000002,0.23655900000000002,1,2007,2007-07,0.9726959999999999
765,600992,2007-8-1,1088630.39,1665068.1,0.101087,0.101087,1,2007,2007-08,0.9726959999999999
766,600992,2007-9-1,1119795.52,1712735.4,0.028627999999999997,0.028627999999999997,1,2007,2007-09,0.9726959999999999
767,600992,2007-10-1,924207.44,1413582.0,-0.174664,-0.174664,1,2007,2007-10,0.9726959999999999
768,600992,2007-11-1,870474.45,1331397.0,-0.05814,-0.05814,1,2007,2007-11,0.9726959999999999
769,600992,2007-12-1,1049942.63,1605894.9,0.206173,0.206173,1,2007,2007-12,0.9726959999999999
770,601798,2018-1-1,3173027.37,3173027.37,-0.053911,-0.053911,1,2018,2018-01,1.887874
771,601798,2018-2-1,2800772.76,2800772.76,-0.117318,-0.117318,1,2018,2018-02,1.887874
772,601798,2018-3-1,3027670.81,3027670.81,0.081013,0.081013,1,2018,2018-03,1.887874
773,601798,2018-4-1,2020810.73,2020810.73,-0.33255300000000004,-0.33255300000000004,1,2018,2018-04,1.887874
774,601798,2018-5-1,1769095.71,1769095.71,-0.12456099999999999,-0.12456099999999999,1,2018,2018-05,1.887874
775,601798,2018-6-1,1637920.27,1637920.27,-0.074148,-0.074148,1,2018,2018-06,1.887874
776,601798,2018-7-1,1733642.89,1733642.89,0.058441999999999994,0.058441999999999994,1,2018,2018-07,1.887874
777,601798,2018-8-1,1705280.63,1705280.63,-0.01636,-0.01636,1,2018,2018-08,1.887874
778,601798,2018-9-1,1655646.68,1655646.68,-0.029106,-0.029106,1,2018,2018-09,1.887874
779,601798,2018-10-1,1531561.82,1531561.82,-0.074947,-0.074946,1,2018,2018-10,1.887874
780,601798,2018-11-1,1620193.86,1620193.86,0.057871000000000006,0.057870000000000005,1,2018,2018-11,1.887874
781,601798,2018-12-1,1744278.73,1744278.73,0.076587,0.076586,1,2018,2018-12,1.887874
782,603117,2015-7-1,1677600.0,11477580.0,1.977636,1.977636,1,2015,2015-07,1.006402
783,603117,2015-8-1,1509000.0,10324075.0,-0.100501,-0.100501,1,2015,2015-08,1.006402
784,603117,2015-9-1,1572000.0,10755100.0,0.04175,0.04175,1,2015,2015-09,1.006402
785,603117,2015-10-1,1647600.0,11272330.0,0.048092,0.048092,1,2015,2015-10,1.006402
786,603117,2015-11-1,1613400.0,11038345.0,-0.020756999999999998,-0.020756999999999998,1,2015,2015-11,1.006402
787,603117,2015-12-1,1540200.0,10537535.0,-0.04537,-0.04537,1,2015,2015-12,1.006402
